word,pronunciation,meaning,word_type,example,topic
Bởi vì,,,,,Ngữ pháp: Giới từ & Liên từ
Bởi vì (danh từ/cụm N/Ving),,,,,Ngữ pháp: Giới từ & Liên từ
Mặc dù,,,,,Ngữ pháp: Giới từ & Liên từ
Mặc dù (N/ Ving),,,,,Ngữ pháp: Giới từ & Liên từ
Để làm gì,,,,,Ngữ pháp: Giới từ & Liên từ
Để làm gì (V),,,,,Ngữ pháp: Giới từ & Liên từ
Trong khi,,,,,Ngữ pháp: Giới từ & Liên từ
Tuy nhiên,,,,,Ngữ pháp: Giới từ & Liên từ
Do đó,,,,,Ngữ pháp: Giới từ & Liên từ
Ngoài ra,,,,,Ngữ pháp: Giới từ & Liên từ
Ngoài ra (N/Ving),,,,,Ngữ pháp: Giới từ & Liên từ
Hơn nữa,,,,,Ngữ pháp: Giới từ & Liên từ
Bên cạnh,,,,,Ngữ pháp: Giới từ & Liên từ
Về (N/Ving),,,,,Ngữ pháp: Giới từ & Liên từ
Quá đến nỗi mà,,,,,Ngữ pháp: Giới từ & Liên từ
Trước khi,,,,,Ngữ pháp: Giới từ & Liên từ
Sau khi,,,,,Ngữ pháp: Giới từ & Liên từ
Một khi,,,,,Ngữ pháp: Giới từ & Liên từ
Tại thời điểm,,,,,Ngữ pháp: Giới từ & Liên từ
Cho đến khi,,,,,Ngữ pháp: Giới từ & Liên từ
Khi,,,,,Ngữ pháp: Giới từ & Liên từ
Không phải A mà là B,,,,,Ngữ pháp: Giới từ & Liên từ
Thay vì (N/Ving),,,,,Ngữ pháp: Giới từ & Liên từ
Cũng như,,,,,Ngữ pháp: Giới từ & Liên từ
Thậm chí,,,,,Ngữ pháp: Giới từ & Liên từ
Nếu,,,,,Ngữ pháp: Giới từ & Liên từ
Miễn là,,,,,Ngữ pháp: Giới từ & Liên từ
Ngay cả khi,,,,,Ngữ pháp: Giới từ & Liên từ
Trừ khi,,,,,Ngữ pháp: Giới từ & Liên từ
Nếu không thì,,,,,Ngữ pháp: Giới từ & Liên từ
Theo như / sau đó (N/Ving),,,,,Ngữ pháp: Giới từ & Liên từ
Liệu rằng,,,,,Ngữ pháp: Giới từ & Liên từ
Trong trường hợp,,,,,Ngữ pháp: Giới từ & Liên từ
Trong trường hợp (N/Ving),,,,,Ngữ pháp: Giới từ & Liên từ
Trái ngược với,,,,,Ngữ pháp: Giới từ & Liên từ
Mặt khác,,,,,Ngữ pháp: Giới từ & Liên từ
Thực tế là,,,,,Ngữ pháp: Giới từ & Liên từ
Khi xem xét điều gì (N/Ving),,,,,Ngữ pháp: Giới từ & Liên từ
Căn cứ vào,,,,,Ngữ pháp: Giới từ & Liên từ
Nếu không thì,,,,,Ngữ pháp: Giới từ & Liên từ
Hơn một chút,,,,,Ngữ pháp: Giới từ & Liên từ
Ngoại trừ,,,,,Ngữ pháp: Giới từ & Liên từ
Trong số (N số nhiều),,,,,Ngữ pháp: Giới từ & Liên từ
Theo như (N/Ving),,,,,Ngữ pháp: Giới từ & Liên từ
Hầu như,,,,,Ngữ pháp: Giới từ & Liên từ
Như thể là,,,,,Ngữ pháp: Giới từ & Liên từ
Trong vòng (thời gian),,,,,Ngữ pháp: Giới từ & Liên từ
Không có cái gì,,,,,Ngữ pháp: Giới từ & Liên từ
Giả sử là,,,,,Ngữ pháp: Giới từ & Liên từ
Thích làm gì hơn,,,,,Ngữ pháp: Giới từ & Liên từ
Lên đến (N/Ving),,,,,Ngữ pháp: Giới từ & Liên từ
Vào lúc (thời gian),,,,,Ngữ pháp: Giới từ & Liên từ
Giữa A và B,,,,,Ngữ pháp: Giới từ & Liên từ
A cùng với B,,,,,Ngữ pháp: Giới từ & Liên từ
Đầu tiên… sau đó,,,,,Ngữ pháp: Giới từ & Liên từ
Để ủng hộ (N/Ving),,,,,Ngữ pháp: Giới từ & Liên từ
Trước (N/cụm N),,,,,Ngữ pháp: Giới từ & Liên từ
Cắt giảm ngân sách,,,,,Cụm từ thông dụng trong kinh doanh
Ngân sách eo hẹp,,,,,Cụm từ thông dụng trong kinh doanh
Chi phí leo thang,,,,,Cụm từ thông dụng trong kinh doanh
Giảm chi phí,,,,,Cụm từ thông dụng trong kinh doanh
Giá cả đắt đỏ,,,,,Cụm từ thông dụng trong kinh doanh
Mở rộng kiến thức,,,,,Cụm từ thông dụng trong kinh doanh
Tiếp thu kiến thức,,,,,Cụm từ thông dụng trong kinh doanh
Kinh nghiệm thực tiễn,,,,,Cụm từ thông dụng trong kinh doanh
Thiếu kinh nghiệm,,,,,Cụm từ thông dụng trong kinh doanh
Nhiều kinh nghiệm,,,,,Cụm từ thông dụng trong kinh doanh
Quyết định khó khăn,,,,,Cụm từ thông dụng trong kinh doanh
"Quyết định vội vã, hấp tấp",,,,,Cụm từ thông dụng trong kinh doanh
Trở thành đối tác,,,,,Cụm từ thông dụng trong kinh doanh
Tiến hành một cuộc khảo sát,,,,,Cụm từ thông dụng trong kinh doanh
Những nhân viên tiềm năng,,,,,Cụm từ thông dụng trong kinh doanh
Tuân thủ những quy định mới,,,,,Cụm từ thông dụng trong kinh doanh
Tăng năng suất công việc,,,,,Cụm từ thông dụng trong kinh doanh
Thị trường cạnh tranh khắc nghiệt,,,,,Cụm từ thông dụng trong kinh doanh
Giảm tình trạng kẹt xe,,,,,Cụm từ thông dụng trong kinh doanh
Tạo ra lợi nhuận,,,,,Cụm từ thông dụng trong kinh doanh
Những trang thiết bị hiện đại,,,,,Cụm từ thông dụng trong kinh doanh
Tài liệu bảo mật,,,,,Cụm từ thông dụng trong kinh doanh
Chi phí phát sinh,,,,,Cụm từ thông dụng trong kinh doanh
Những tập đoàn đa quốc gia,,,,,Cụm từ thông dụng trong kinh doanh
Tuân thủ những thay đổi mới,,,,,Cụm từ thông dụng trong kinh doanh
Nâng cao kỹ năng lãnh đạo,,,,,Cụm từ thông dụng trong kinh doanh
Bắt đầu/vận hành một doanh nghiệp,,,,,Cụm từ thông dụng trong kinh doanh
Giá thuê tăng vọt,,,,,Cụm từ thông dụng trong kinh doanh
Đáp ứng tiêu chí,,,,,Cụm từ thông dụng trong kinh doanh
Giảm tiêu thụ năng lượng,,,,,Cụm từ thông dụng trong kinh doanh
Nâng cao tinh thần công ty,,,,,Cụm từ thông dụng trong kinh doanh
Nền kinh tế còn nhiều yếu kém,,,,,Cụm từ thông dụng trong kinh doanh
Bị trùng lịch,,,,,Cụm từ thông dụng trong kinh doanh
Sản xuất các phụ kiện,,,,,Cụm từ thông dụng trong kinh doanh
Hoãn phỏng vấn,,,,,Cụm từ thông dụng trong kinh doanh
Sa thải nhân viên,,,,,Cụm từ thông dụng trong kinh doanh
Giảm chi phí chung,,,,,Cụm từ thông dụng trong kinh doanh
Đánh giá hiệu suất làm việc,,,,,Cụm từ thông dụng trong kinh doanh
Xây dựng quan hệ đối tác có lợi,,,,,Cụm từ thông dụng trong kinh doanh
Cửa hàng quần áo,,,,,Cụm từ thông dụng trong kinh doanh
Cắt giảm chương trình đào tạo,,,,,Cụm từ thông dụng trong kinh doanh
Thời kỳ kinh tế đình trệ,,,,,Cụm từ thông dụng trong kinh doanh
Vượt xa mong đợi,,,,,Cụm từ thông dụng trong kinh doanh
Để xa tầm tay trẻ em,,,,,Cụm từ thông dụng trong kinh doanh
Làm việc suốt ngày đêm,,,,,Cụm từ thông dụng trong kinh doanh
Cơ sở hạ tầng truyền thông,,,,,Cụm từ thông dụng trong kinh doanh
Nằm ở ngoại ô,,,,,Cụm từ thông dụng trong kinh doanh
Tạm thời hết hàng,,,,,Cụm từ thông dụng trong kinh doanh
Thúc đẩy lượng xuất khẩu,,,,,Cụm từ thông dụng trong kinh doanh
Hợp đồng vô hiệu,,,,,Cụm từ thông dụng trong kinh doanh
Vẽ một bản thiết kế,,,,,Cụm từ thông dụng trong kinh doanh
Đổi mới/cải tạo tòa nhà,,,,,Cụm từ thông dụng trong kinh doanh
Thiếu nhân viên,,,,,Cụm từ thông dụng trong kinh doanh
Khảo sát sự hài lòng của khách hàng,,,,,Cụm từ thông dụng trong kinh doanh
Có sẵn theo yêu cầu,,,,,Cụm từ thông dụng trong kinh doanh
Doanh thu hằng năm,,,,,Cụm từ thông dụng trong kinh doanh
Ngừng đàm phán,,,,,Cụm từ thông dụng trong kinh doanh
Ngừng giao dịch/buôn bán,,,,,Cụm từ thông dụng trong kinh doanh
Ra mắt sản phẩm mới,,,,,Cụm từ thông dụng trong kinh doanh
= supposition: dự đoán,,,,,Từ đồng nghĩa - Phần 1
= oversea: nước ngoài,,,,,Từ đồng nghĩa - Phần 1
= sudden: đột ngột,,,,,Từ đồng nghĩa - Phần 1
= recondite: trừu tượng khó hiểu,,,,,Từ đồng nghĩa - Phần 1
= ridiculous: vô lý,,,,,Từ đồng nghĩa - Phần 1
= speeding up: tăng tốc,,,,,Từ đồng nghĩa - Phần 1
= emphasize: làm nổi bật = nhấn mạnh,,,,,Từ đồng nghĩa - Phần 1
= permissible: chấp nhận được = cho phép,,,,,Từ đồng nghĩa - Phần 1
= easy to reach: tiếp cận = dễ đạt được,,,,,Từ đồng nghĩa - Phần 1
= allow for: chứa = cho phép,,,,,Từ đồng nghĩa - Phần 1
= join: đi cùng = tham gia,,,,,Từ đồng nghĩa - Phần 1
= achieved: hoàn thành = đạt,,,,,Từ đồng nghĩa - Phần 1
= granted: dành được,,,,,Từ đồng nghĩa - Phần 1
= consequently: một cách tương ứng = do đó,,,,,Từ đồng nghĩa - Phần 1
= explain: giải thích,,,,,Từ đồng nghĩa - Phần 1
= collect: tích lũy = thu thập,,,,,Từ đồng nghĩa - Phần 1
= precisely: chính xác,,,,,Từ đồng nghĩa - Phần 1
= subject to: đạt = hướng tới,,,,,Từ đồng nghĩa - Phần 1
= concede: thừa nhận,,,,,Từ đồng nghĩa - Phần 1
= obtain: đạt được,,,,,Từ đồng nghĩa - Phần 1
= truly: thực sự,,,,,Từ đồng nghĩa - Phần 1
= modified: thích ứng/ làm rõ,,,,,Từ đồng nghĩa - Phần 1
= extra: thêm,,,,,Từ đồng nghĩa - Phần 1
= stick together: bám/ dính vào nhau,,,,,Từ đồng nghĩa - Phần 1
= nearby: liền kề = lân cận,,,,,Từ đồng nghĩa - Phần 1
= appendage: hỗ trợ = phụ,,,,,Từ đồng nghĩa - Phần 1
= modificated: điều chỉnh,,,,,Từ đồng nghĩa - Phần 1
= let in: nhận = cho phép vào trong,,,,,Từ đồng nghĩa - Phần 1
= decorate: tô điểm,,,,,Từ đồng nghĩa - Phần 1
= improvement: cải thiện,,,,,Từ đồng nghĩa - Phần 1
= progressive: tiên tiến,,,,,Từ đồng nghĩa - Phần 1
= arrival: đến,,,,,Từ đồng nghĩa - Phần 1
= negative: tiêu cực,,,,,Từ đồng nghĩa - Phần 1
= recommending: ủng hộ = gợi ý,,,,,Từ đồng nghĩa - Phần 1
= fondness: tình cảm/ có hứng thú,,,,,Từ đồng nghĩa - Phần 1
= wealth: sung túc = giàu,,,,,Từ đồng nghĩa - Phần 1
= provide/purchase/originate/require: đủ khả năng yêu cầu để làm gì,,,,,Từ đồng nghĩa - Phần 1
= irritating: khó chịu,,,,,Từ đồng nghĩa - Phần 1
= nimble: nhanh nhẹn,,,,,Từ đồng nghĩa - Phần 1
= disturbed: quấy rầy,,,,,Từ đồng nghĩa - Phần 1
= upsetting: báo động/ gây khó chịu,,,,,Từ đồng nghĩa - Phần 1
= designates: phân bổ = chỉ định,,,,,Từ đồng nghĩa - Phần 1
= changed: thay đổi,,,,,Từ đồng nghĩa - Phần 1
= different: thay thế/ khác nhau,,,,,Từ đồng nghĩa - Phần 1
= goal: mục tiêu = tham vọng,,,,,Từ đồng nghĩa - Phần 2
= facilities: cơ sở hạ tầng,,,,,Từ đồng nghĩa - Phần 2
= abundant: dồi dào phong phú,,,,,Từ đồng nghĩa - Phần 2
= entertainment: vui chơi giải trí,,,,,Từ đồng nghĩa - Phần 2
= similar: tương tự,,,,,Từ đồng nghĩa - Phần 2
= examination: phân tích = kiểm tra,,,,,Từ đồng nghĩa - Phần 2
= hold in a place: giữ ở một nơi,,,,,Từ đồng nghĩa - Phần 2
= bothersome: phiền toái khó chịu,,,,,Từ đồng nghĩa - Phần 2
= yearly: hàng năm,,,,,Từ đồng nghĩa - Phần 2
= predecessor: tiền thân = trước,,,,,Từ đồng nghĩa - Phần 2
= expected: dự đoán dự kiến,,,,,Từ đồng nghĩa - Phần 2
= outmoded: cũ/ đã lạc hậu,,,,,Từ đồng nghĩa - Phần 2
= eager: lo lắng = háo hức,,,,,Từ đồng nghĩa - Phần 2
= except: ngoài = trừ,,,,,Từ đồng nghĩa - Phần 2
= seemingly: dường như/ có vẻ,,,,,Từ đồng nghĩa - Phần 2
= attraction/popularity: hấp dẫn = thu hút/ phổ biến,,,,,Từ đồng nghĩa - Phần 2
= population: dân cư = dân số,,,,,Từ đồng nghĩa - Phần 2
= alluring: hấp dẫn quyến rũ,,,,,Từ đồng nghĩa - Phần 2
= turn up: xuất hiện,,,,,Từ đồng nghĩa - Phần 2
= marine: thủy = biển,,,,,Từ đồng nghĩa - Phần 2
= without any order: tùy tiện/ không cần bất kỳ thứ tự,,,,,Từ đồng nghĩa - Phần 2
= haphazard: tùy ý = lung tung,,,,,Từ đồng nghĩa - Phần 2
= ancient: cổ xưa,,,,,Từ đồng nghĩa - Phần 2
= dry: khô/ cằn khô,,,,,Từ đồng nghĩa - Phần 2
= range: phạm vi,,,,,Từ đồng nghĩa - Phần 2
= in addition: cũng = ngoài ra,,,,,Từ đồng nghĩa - Phần 2
= assumed to be true of: gán cho = giả định là đúng,,,,,Từ đồng nghĩa - Phần 2
= evaluate: đánh giá = đánh giá,,,,,Từ đồng nghĩa - Phần 2
= specified/studied specified: xác định/ được nghiên cứu/ được quy định,,,,,Từ đồng nghĩa - Phần 2
= selections: chủng loại,,,,,Từ đồng nghĩa - Phần 2
= astonishing: đáng kinh ngạc,,,,,Từ đồng nghĩa - Phần 2
= perceptive: khôn ngoan sâu sắc,,,,,Từ đồng nghĩa - Phần 2
= under control: đường cùng >< dưới sự kiểm soát,,,,,Từ đồng nghĩa - Phần 2
= at the minimum: ít nhất = tối thiểu,,,,,Từ đồng nghĩa - Phần 2
= air: bầu không khí,,,,,Từ đồng nghĩa - Phần 2
= preference for: kèm theo = ưu tiên cho,,,,,Từ đồng nghĩa - Phần 2
= reach: đạt = đạt,,,,,Từ đồng nghĩa - Phần 2
= accompanying: đi kèm,,,,,Từ đồng nghĩa - Phần 2
= give evidence to: đưa ra bằng chứng,,,,,Từ đồng nghĩa - Phần 2
= credited: đóng góp/ là do cái gì,,,,,Từ đồng nghĩa - Phần 2
= character: nhân vật,,,,,Từ đồng nghĩa - Phần 2
= empowered: ủy quyền trao quyền,,,,,Từ đồng nghĩa - Phần 2
= independent: tự trị/ độc lập,,,,,Từ đồng nghĩa - Phần 2
= obtainable: sẵn = đạt được,,,,,Từ đồng nghĩa - Phần 2
= means: địa điểm = phương tiện,,,,,Từ đồng nghĩa - Phần 2
= avid: ngoảnh đi >< thích háo hức cái gì,,,,,Từ đồng nghĩa - Phần 2
= puzzle: trở ngại/ thách thức,,,,,Từ đồng nghĩa - Phần 2
= edges: bờ/ rìa,,,,,Từ đồng nghĩa - Phần 2
= trade: thương mại,,,,,Từ đồng nghĩa - Phần 2
= trading: vận tải thủy = giao dịch,,,,,Từ đồng nghĩa - Phần 2
= empty: trống rỗng/ không có kết quả gì,,,,,Từ đồng nghĩa - Phần 2
= obstacle: rào cản trở ngại,,,,,Từ đồng nghĩa - Phần 2
= trading: giao dịch,,,,,Từ đồng nghĩa - Phần 2
= lying: phơi = nằm,,,,,Từ đồng nghĩa - Phần 2
= intended to: được thiết kế để = dành cho,,,,,Từ đồng nghĩa - Phần 2
= produces: sản xuất,,,,,Từ đồng nghĩa - Phần 2
= invite: gật đầu ra hiệu = mời,,,,,Từ đồng nghĩa - Phần 2
= inviting: vẫy tay gọi mời,,,,,Từ đồng nghĩa - Phần 2
Gần đây,,,,,Trạng từ thông dụng
Thường xuyên,,,,,Trạng từ thông dụng
Tương đối nhỏ,,,,,Trạng từ thông dụng
Xấp xỉ,,,,,Trạng từ thông dụng
Trực tiếp,,,,,Trạng từ thông dụng
Chia sẻ ra bên ngoài,,,,,Trạng từ thông dụng
Sớm,,,,,Trạng từ thông dụng
Đáng kể,,,,,Trạng từ thông dụng
Đơn giản,,,,,Trạng từ thông dụng
Khác biệt nhẹ,,,,,Trạng từ thông dụng
Tăng nhanh,,,,,Trạng từ thông dụng
Đột ngột,,,,,Trạng từ thông dụng
Rất ngắn,,,,,Trạng từ thông dụng
Tạm thời,,,,,Trạng từ thông dụng
Chuẩn bị kỹ lưỡng,,,,,Trạng từ thông dụng
Cuối cùng,,,,,Trạng từ thông dụng
Gần như,,,,,Trạng từ thông dụng
Được biết đến rộng rãi,,,,,Trạng từ thông dụng
Làm việc gần gũi,,,,,Trạng từ thông dụng
Viết rõ ràng,,,,,Trạng từ thông dụng
Hoàn toàn,,,,,Trạng từ thông dụng
Phù hợp/do đó/vì vậy,,,,,Trạng từ thông dụng
Bất lợi,,,,,Trạng từ thông dụng
Rồi,,,,,Trạng từ thông dụng
Cũng,,,,,Trạng từ thông dụng
Một cách tự động,,,,,Trạng từ thông dụng
Vắn tắt ngắn gọn,,,,,Trạng từ thông dụng
Cẩn thận,,,,,Trạng từ thông dụng
Thận trọng,,,,,Trạng từ thông dụng
Chắc chắn,,,,,Trạng từ thông dụng
Rõ ràng,,,,,Trạng từ thông dụng
Gần gũi,,,,,Trạng từ thông dụng
Hoàn toàn,,,,,Trạng từ thông dụng
Hoàn toàn hài lòng,,,,,Trạng từ thông dụng
Đáng kể,,,,,Trạng từ thông dụng
Nhất quán,,,,,Trạng từ thông dụng
Liên tục,,,,,Trạng từ thông dụng
Liên tục tìm kiếm,,,,,Trạng từ thông dụng
Tiện lợi thuận lợi,,,,,Trạng từ thông dụng
Vị trí thuận tiện,,,,,Trạng từ thông dụng
Hiện tại,,,,,Trạng từ thông dụng
Hiện tại hết hàng,,,,,Trạng từ thông dụng
Rạch ròi dứt khoát,,,,,Trạng từ thông dụng
Đột ngột mạnh,,,,,Trạng từ thông dụng
Giảm mạnh,,,,,Trạng từ thông dụng
Dễ dàng,,,,,Trạng từ thông dụng
Có hiệu quả thực tế,,,,,Trạng từ thông dụng
Có hiệu quả,,,,,Trạng từ thông dụng
Như nhau ngang nhau,,,,,Trạng từ thông dụng
Đặc biệt nhất là,,,,,Trạng từ thông dụng
Cuối cùng,,,,,Trạng từ thông dụng
Duy nhất,,,,,Trạng từ thông dụng
Khá tốt,,,,,Trạng từ thông dụng
Cuối cùng kết luận lại,,,,,Trạng từ thông dụng
Thường xuyên,,,,,Trạng từ thông dụng
Nhận thức đầy đủ về,,,,,Trạng từ thông dụng
Hầu như không,,,,,Trạng từ thông dụng
Rất nhiều hết sức,,,,,Trạng từ thông dụng
Cực kỳ gợi ý,,,,,Trạng từ thông dụng
Ngay lập tức,,,,,Trạng từ thông dụng
Gián tiếp,,,,,Trạng từ thông dụng
Riêng lẻ từng người,,,,,Trạng từ thông dụng
Ban đầu,,,,,Trạng từ thông dụng
Cài đặt từ từ dần dần,,,,,Trạng từ thông dụng
Gần đây,,,,,Trạng từ thông dụng
Sau đó,,,,,Trạng từ thông dụng
Có thể,,,,,Trạng từ thông dụng
Chủ yếu chính,,,,,Trạng từ thông dụng
Gần như,,,,,Trạng từ thông dụng
Nhất thiết,,,,,Trạng từ thông dụng
Cá nhân,,,,,Trạng từ thông dụng
Trước đó,,,,,Trạng từ thông dụng
Chính,,,,,Trạng từ thông dụng
Ngay lập tức,,,,,Trạng từ thông dụng
Đúng thích hợp,,,,,Trạng từ thông dụng
Nhanh,,,,,Trạng từ thông dụng
Nhanh,,,,,Trạng từ thông dụng
Hiếm khi,,,,,Trạng từ thông dụng
Chậm từ từ,,,,,Trạng từ thông dụng
Chính xác,,,,,Trạng từ thông dụng
Rất nhiều,,,,,Trạng từ thông dụng
Vô cùng rất nhiều,,,,,Trạng từ thông dụng
Theo cấp số nhân,,,,,Trạng từ thông dụng
Nghiêm trọng nặng nề,,,,,Trạng từ thông dụng
Hăm hở háo hức,,,,,Trạng từ thông dụng
Một cách đủ điều kiện,,,,,Trạng từ thông dụng
Cực kỳ vô cùng,,,,,Trạng từ thông dụng
Rõ ràng dứt khoát,,,,,Trạng từ thông dụng
Khẩn cấp,,,,,Trạng từ thông dụng
Chính xác hoàn toàn,,,,,Trạng từ thông dụng
Nghiêm ngặt nghiêm khắc,,,,,Trạng từ thông dụng
Lịch sự nhã nhặn,,,,,Trạng từ thông dụng
Hơi một chút,,,,,Trạng từ thông dụng
Ngay lập tức,,,,,Trạng từ thông dụng
"vẫn, còn",,,,,Từ vựng kỹ năng Đọc - Phần 2
cầm tay,,,,,Từ vựng kỹ năng Đọc - Phần 2
bên ngoài,,,,,Từ vựng kỹ năng Đọc - Phần 2
đơn hàng tồn đọng,,,,,Từ vựng kỹ năng Đọc - Phần 2
điện khí hóa,,,,,Từ vựng kỹ năng Đọc - Phần 2
từ chức,,,,,Từ vựng kỹ năng Đọc - Phần 2
nghiêm trọng,,,,,Từ vựng kỹ năng Đọc - Phần 2
trái ngược với,,,,,Từ vựng kỹ năng Đọc - Phần 2
tài sản,,,,,Từ vựng kỹ năng Đọc - Phần 2
đánh giá,,,,,Từ vựng kỹ năng Đọc - Phần 2
họ hàng,,,,,Từ vựng kỹ năng Đọc - Phần 2
rộng rãi,,,,,Từ vựng kỹ năng Đọc - Phần 2
ngay lập tức,,,,,Từ vựng kỹ năng Đọc - Phần 2
mờ mịt/ che khuất tầm nhìn,,,,,Từ vựng kỹ năng Đọc - Phần 2
rút lui,,,,,Từ vựng kỹ năng Đọc - Phần 2
bài phát biểu chính,,,,,Từ vựng kỹ năng Đọc - Phần 2
nhà thầu,,,,,Từ vựng kỹ năng Đọc - Phần 2
sự thoải mái,,,,,Từ vựng kỹ năng Đọc - Phần 2
đủ điều kiện,,,,,Từ vựng kỹ năng Đọc - Phần 2
cập nhật,,,,,Từ vựng kỹ năng Đọc - Phần 2
đang diễn ra,,,,,Từ vựng kỹ năng Đọc - Phần 2
báo giá,,,,,Từ vựng kỹ năng Đọc - Phần 2
ban hành,,,,,Từ vựng kỹ năng Đọc - Phần 2
hiệu quả,,,,,Từ vựng kỹ năng Đọc - Phần 2
tay nghề,,,,,Từ vựng kỹ năng Đọc - Phần 2
dành riêng,,,,,Từ vựng kỹ năng Đọc - Phần 2
đủ,,,,,Từ vựng kỹ năng Đọc - Phần 2
bảo hiểm,,,,,Từ vựng kỹ năng Đọc - Phần 2
sự hiện diện,,,,,Từ vựng kỹ năng Đọc - Phần 2
thúc đẩy,,,,,Từ vựng kỹ năng Đọc - Phần 2
doanh nhân,,,,,Từ vựng kỹ năng Đọc - Phần 2
hội thảo trực tuyến,,,,,Từ vựng kỹ năng Đọc - Phần 2
"ra mắt, phát động",,,,,Từ vựng kỹ năng Đọc - Phần 2
"di dời, chuyển chỗ",,,,,Từ vựng kỹ năng Đọc - Phần 2
xấp xỉ,,,,,Từ vựng kỹ năng Đọc - Phần 2
lực lượng lao động,,,,,Từ vựng kỹ năng Đọc - Phần 2
hết hàng,,,,,Từ vựng kỹ năng Đọc - Phần 2
ngừng,,,,,Từ vựng kỹ năng Đọc - Phần 2
người hỗ trợ,,,,,Từ vựng kỹ năng Đọc - Phần 2
phẩm chất,,,,,Từ vựng kỹ năng Đọc - Phần 2
sự điều chỉnh,,,,,Từ vựng kỹ năng Đọc - Phần 2
chuyên viên mắt,,,,,Từ vựng kỹ năng Đọc - Phần 2
công khai,,,,,Từ vựng kỹ năng Đọc - Phần 2
tạm thời,,,,,Từ vựng kỹ năng Đọc - Phần 2
bỏ trống,,,,,Từ vựng kỹ năng Đọc - Phần 2
bình thường,,,,,Từ vựng kỹ năng Đọc - Phần 2
tiện nghi,,,,,Từ vựng kỹ năng Đọc - Phần 2
sự sửa đổi,,,,,Từ vựng kỹ năng Đọc - Phần 2
bán buôn,,,,,Từ vựng kỹ năng Đọc - Phần 2
sự mở rộng,,,,,Từ vựng kỹ năng Đọc - Phần 2
tùy chỉnh,,,,,Từ vựng kỹ năng Đọc - Phần 2
trong trường hợp,,,,,Từ vựng kỹ năng Đọc - Phần 2
sự gián đoạn,,,,,Từ vựng kỹ năng Đọc - Phần 2
vượt trội hơn,,,,,Từ vựng kỹ năng Đọc - Phần 2
nguyên liệu thô,,,,,Từ vựng kỹ năng Đọc - Phần 2
đáng kể,,,,,Từ vựng kỹ năng Đọc - Phần 2
"kích hoạt, gây ra",,,,,Từ vựng kỹ năng Đọc - Phần 2
bên liên quan,,,,,Từ vựng kỹ năng Đọc - Phần 2
thực hiện,,,,,Từ vựng kỹ năng Đọc - Phần 2
vượt qua,,,,,Từ vựng kỹ năng Đọc - Phần 2
sự thư giãn,,,,,Từ vựng kỹ năng Đọc - Phần 2
sự hạn chế,,,,,Từ vựng kỹ năng Đọc - Phần 2
giai đoạn,,,,,Từ vựng kỹ năng Đọc - Phần 2
tạm dừng,,,,,Từ vựng kỹ năng Đọc - Phần 2
kết quả,,,,,Từ vựng kỹ năng Đọc - Phần 2
nhất quán,,,,,Từ vựng kỹ năng Đọc - Phần 2
xoáy,,,,,Từ vựng kỹ năng Đọc - Phần 2
sản xuất,,,,,Từ vựng kỹ năng Đọc - Phần 2
đa dạng,,,,,Từ vựng kỹ năng Đọc - Phần 2
ứng viên,,,,,Từ vựng kỹ năng Đọc - Phần 2
hợp tác,,,,,Từ vựng kỹ năng Đọc - Phần 2
tiềm năng,,,,,Từ vựng kỹ năng Đọc - Phần 2
từ xa,,,,,Từ vựng kỹ năng Đọc - Phần 2
"bản nháp, phác thảo",,,,,Từ vựng kỹ năng Đọc - Phần 2
sự mô tả,,,,,Từ vựng kỹ năng Đọc - Phần 2
giống hệt nhau,,,,,Từ vựng kỹ năng Đọc - Phần 2
cửa hàng truyền thống,,,,,Từ vựng kỹ năng Đọc - Phần 2
trực tiếp,,,,,Từ vựng kỹ năng Đọc - Phần 2
"sự liên quan, sự đính hôn",,,,,Từ vựng kỹ năng Đọc - Phần 2
nhược điểm,,,,,Từ vựng kỹ năng Đọc - Phần 2
ngân sách,,,,,Từ vựng kỹ năng Đọc - Phần 1
tạm thời,,,,,Từ vựng kỹ năng Đọc - Phần 1
cạnh tranh,,,,,Từ vựng kỹ năng Đọc - Phần 1
tập thể,,,,,Từ vựng kỹ năng Đọc - Phần 1
"sự củng cố, tăng cường",,,,,Từ vựng kỹ năng Đọc - Phần 1
"sát sao, chặt chẽ",,,,,Từ vựng kỹ năng Đọc - Phần 1
tài khoản,,,,,Từ vựng kỹ năng Đọc - Phần 1
mong đợi,,,,,Từ vựng kỹ năng Đọc - Phần 1
"bảng, lên tàu",,,,,Từ vựng kỹ năng Đọc - Phần 1
vì điều gì,,,,,Từ vựng kỹ năng Đọc - Phần 1
bổ sung,,,,,Từ vựng kỹ năng Đọc - Phần 1
hành khách,,,,,Từ vựng kỹ năng Đọc - Phần 1
trách nhiệm,,,,,Từ vựng kỹ năng Đọc - Phần 1
"tách rời, riêng biệt",,,,,Từ vựng kỹ năng Đọc - Phần 1
sẵn sàng,,,,,Từ vựng kỹ năng Đọc - Phần 1
đủ loại,,,,,Từ vựng kỹ năng Đọc - Phần 1
hạn chế,,,,,Từ vựng kỹ năng Đọc - Phần 1
cấm,,,,,Từ vựng kỹ năng Đọc - Phần 1
"quyền lực, thẩm quyền",,,,,Từ vựng kỹ năng Đọc - Phần 1
vận chuyển,,,,,Từ vựng kỹ năng Đọc - Phần 1
tùy tiện,,,,,Từ vựng kỹ năng Đọc - Phần 1
thừa thãi,,,,,Từ vựng kỹ năng Đọc - Phần 1
điều khoản,,,,,Từ vựng kỹ năng Đọc - Phần 1
khoản vay,,,,,Từ vựng kỹ năng Đọc - Phần 1
vật liệu,,,,,Từ vựng kỹ năng Đọc - Phần 1
"chủ nhà, người tổ chức",,,,,Từ vựng kỹ năng Đọc - Phần 1
đóng góp,,,,,Từ vựng kỹ năng Đọc - Phần 1
lên kế hoạch,,,,,Từ vựng kỹ năng Đọc - Phần 1
đề xuất,,,,,Từ vựng kỹ năng Đọc - Phần 1
sự đổi mới,,,,,Từ vựng kỹ năng Đọc - Phần 1
sự phê bình,,,,,Từ vựng kỹ năng Đọc - Phần 1
"phương pháp, tiếp cận",,,,,Từ vựng kỹ năng Đọc - Phần 1
hết hạn,,,,,Từ vựng kỹ năng Đọc - Phần 1
gia hạn,,,,,Từ vựng kỹ năng Đọc - Phần 1
chuyên nghiệp,,,,,Từ vựng kỹ năng Đọc - Phần 1
soạn thảo,,,,,Từ vựng kỹ năng Đọc - Phần 1
bên ngoài,,,,,Từ vựng kỹ năng Đọc - Phần 1
cao cấp hơn,,,,,Từ vựng kỹ năng Đọc - Phần 1
thành phần,,,,,Từ vựng kỹ năng Đọc - Phần 1
sự mất mát,,,,,Từ vựng kỹ năng Đọc - Phần 1
lắp ráp,,,,,Từ vựng kỹ năng Đọc - Phần 1
bề mặt,,,,,Từ vựng kỹ năng Đọc - Phần 1
đạt được,,,,,Từ vựng kỹ năng Đọc - Phần 1
"tham khảo, thư giới thiệu, chứng thực",,,,,Từ vựng kỹ năng Đọc - Phần 1
gạch dưới,,,,,Từ vựng kỹ năng Đọc - Phần 1
mở rộng,,,,,Từ vựng kỹ năng Đọc - Phần 1
liền kề,,,,,Từ vựng kỹ năng Đọc - Phần 1
cải tạo,,,,,Từ vựng kỹ năng Đọc - Phần 1
cung cấp chỗ ở,,,,,Từ vựng kỹ năng Đọc - Phần 1
sự tụ họp,,,,,Từ vựng kỹ năng Đọc - Phần 1
cách mạng hóa,,,,,Từ vựng kỹ năng Đọc - Phần 1
cư dân,,,,,Từ vựng kỹ năng Đọc - Phần 1
trước,,,,,Từ vựng kỹ năng Đọc - Phần 1
đặt trước,,,,,Từ vựng kỹ năng Đọc - Phần 1
chỉ,,,,,Từ vựng kỹ năng Đọc - Phần 1
quỹ,,,,,Từ vựng kỹ năng Đọc - Phần 1
tổ chức,,,,,Từ vựng kỹ năng Đọc - Phần 1
lĩnh vực,,,,,Từ vựng kỹ năng Đọc - Phần 1
đáng kể,,,,,Từ vựng kỹ năng Đọc - Phần 1
"thu hoạch, mùa thu hoạch",,,,,Từ vựng kỹ năng Đọc - Phần 1
sự hiểu biết sâu sắc,,,,,Từ vựng kỹ năng Đọc - Phần 1
thường xuyên,,,,,Từ vựng kỹ năng Đọc - Phần 1
"sắp xếp, bố trí nhân viên",,,,,Từ vựng kỹ năng Đọc - Phần 1
nổi bật,,,,,Từ vựng kỹ năng Đọc - Phần 1
dự đoán,,,,,Từ vựng kỹ năng Đọc - Phần 1
kỳ vọng,,,,,Từ vựng kỹ năng Đọc - Phần 1
chấp nhận,,,,,Từ vựng kỹ năng Đọc - Phần 1
sự trục trặc,,,,,Từ vựng kỹ năng Đọc - Phần 1
sự hủy bỏ,,,,,Từ vựng kỹ năng Đọc - Phần 1
lời xin lỗi,,,,,Từ vựng kỹ năng Đọc - Phần 1
nhà phân phối,,,,,Từ vựng kỹ năng Đọc - Phần 1
đính kèm,,,,,Từ vựng kỹ năng Đọc - Phần 1
hóa đơn,,,,,Từ vựng kỹ năng Đọc - Phần 1
tự động,,,,,Từ vựng kỹ năng Đọc - Phần 1
nguồn cung cấp,,,,,Từ vựng kỹ năng Đọc - Phần 1
sự chuyển tiếp,,,,,Từ vựng kỹ năng Đọc - Phần 1
điều tra,,,,,Từ vựng kỹ năng Đọc - Phần 1
việc làm,,,,,Từ vựng kỹ năng Đọc - Phần 1
sự xây dựng,,,,,Từ vựng kỹ năng Đọc - Phần 1
thu thập,,,,,Từ vựng kỹ năng Đọc - Phần 3
lịch sự,,,,,Từ vựng kỹ năng Đọc - Phần 3
yêu cầu,,,,,Từ vựng kỹ năng Đọc - Phần 3
hiện tại,,,,,Từ vựng kỹ năng Đọc - Phần 3
"liên kết, cộng sự",,,,,Từ vựng kỹ năng Đọc - Phần 3
"lo ngại, quan tâm",,,,,Từ vựng kỹ năng Đọc - Phần 3
thủ tục,,,,,Từ vựng kỹ năng Đọc - Phần 3
"bản phác thảo, đề cương",,,,,Từ vựng kỹ năng Đọc - Phần 3
bắt đầu,,,,,Từ vựng kỹ năng Đọc - Phần 3
cho đến nay,,,,,Từ vựng kỹ năng Đọc - Phần 3
tham vọng,,,,,Từ vựng kỹ năng Đọc - Phần 3
"phát hành, sự phát hành",,,,,Từ vựng kỹ năng Đọc - Phần 3
sâu sắc,,,,,Từ vựng kỹ năng Đọc - Phần 3
quá mức,,,,,Từ vựng kỹ năng Đọc - Phần 3
mãnh liệt,,,,,Từ vựng kỹ năng Đọc - Phần 3
sự hợp tác,,,,,Từ vựng kỹ năng Đọc - Phần 3
sự trở lại,,,,,Từ vựng kỹ năng Đọc - Phần 3
sự sao chép,,,,,Từ vựng kỹ năng Đọc - Phần 3
doanh thu,,,,,Từ vựng kỹ năng Đọc - Phần 3
địa điểm,,,,,Từ vựng kỹ năng Đọc - Phần 3
sự cải tạo,,,,,Từ vựng kỹ năng Đọc - Phần 3
người đấu giá,,,,,Từ vựng kỹ năng Đọc - Phần 3
trong khi,,,,,Từ vựng kỹ năng Đọc - Phần 3
thay thế,,,,,Từ vựng kỹ năng Đọc - Phần 3
chắc chắn,,,,,Từ vựng kỹ năng Đọc - Phần 3
trách nhiệm,,,,,Từ vựng kỹ năng Đọc - Phần 3
di dời,,,,,Từ vựng kỹ năng Đọc - Phần 3
theo báo cáo,,,,,Từ vựng kỹ năng Đọc - Phần 3
thuê,,,,,Từ vựng kỹ năng Đọc - Phần 3
"quy trình, xử lý",,,,,Từ vựng kỹ năng Đọc - Phần 3
thi hành,,,,,Từ vựng kỹ năng Đọc - Phần 3
mở rộng,,,,,Từ vựng kỹ năng Đọc - Phần 3
"áp dụng, ứng tuyển",,,,,Từ vựng kỹ năng Đọc - Phần 3
độ sâu,,,,,Từ vựng kỹ năng Đọc - Phần 3
sâu sắc,,,,,Từ vựng kỹ năng Đọc - Phần 3
cây con,,,,,Từ vựng kỹ năng Đọc - Phần 3
nhẹ nhàng,,,,,Từ vựng kỹ năng Đọc - Phần 3
thu thập,,,,,Từ vựng kỹ năng Đọc - Phần 3
"hoạt động, phẫu thuật",,,,,Từ vựng kỹ năng Đọc - Phần 3
ngân sách,,,,,Từ vựng kỹ năng Đọc - Phần 3
bảo hành,,,,,Từ vựng kỹ năng Đọc - Phần 3
ấn tượng,,,,,Từ vựng kỹ năng Đọc - Phần 3
sự bảo trợ,,,,,Từ vựng kỹ năng Đọc - Phần 3
chân thành,,,,,Từ vựng kỹ năng Đọc - Phần 3
"xứng đáng, đúng đắn",,,,,Từ vựng kỹ năng Đọc - Phần 3
"phổ biến, thông thường",,,,,Từ vựng kỹ năng Đọc - Phần 3
dễ vỡ,,,,,Từ vựng kỹ năng Đọc - Phần 3
"lưu trữ, cửa hàng",,,,,Từ vựng kỹ năng Đọc - Phần 3
"đảm bảo, an toàn",,,,,Từ vựng kỹ năng Đọc - Phần 3
cho tới sau khi,,,,,Từ vựng kỹ năng Đọc - Phần 3
"đăng cai, chủ nhà",,,,,Từ vựng kỹ năng Đọc - Phần 3
xác thực,,,,,Từ vựng kỹ năng Đọc - Phần 3
"đối diện, điều trái ngược",,,,,Từ vựng kỹ năng Đọc - Phần 3
thuộc vùng,,,,,Từ vựng kỹ năng Đọc - Phần 3
sự tăng vọt lên,,,,,Từ vựng kỹ năng Đọc - Phần 3
"nhu cầu, đòi hỏi",,,,,Từ vựng kỹ năng Đọc - Phần 3
"cao cấp, cao niên",,,,,Từ vựng kỹ năng Đọc - Phần 3
thay thế,,,,,Từ vựng kỹ năng Đọc - Phần 3
chiến lược,,,,,Từ vựng kỹ năng Đọc - Phần 3
thực hành,,,,,Từ vựng kỹ năng Đọc - Phần 3
linh hoạt,,,,,Từ vựng kỹ năng Đọc - Phần 3
"xen kẹ, thay phiên",,,,,Từ vựng kỹ năng Đọc - Phần 3
sự thay thế,,,,,Từ vựng kỹ năng Đọc - Phần 3
sự sáng tạo,,,,,Từ vựng kỹ năng Đọc - Phần 3
nâng cao,,,,,Từ vựng kỹ năng Đọc - Phần 3
thay mặt ai,,,,,Từ vựng kỹ năng Đọc - Phần 3
cư trú,,,,,Từ vựng kỹ năng Đọc - Phần 3
sắp xếp,,,,,Từ vựng kỹ năng Đọc - Phần 3
phân phối,,,,,Từ vựng kỹ năng Đọc - Phần 3
bổ sung,,,,,Từ vựng kỹ năng Đọc - Phần 3
người nhận,,,,,Từ vựng kỹ năng Đọc - Phần 3
góc nhìn,,,,,Từ vựng kỹ năng Đọc - Phần 3
đáng giá,,,,,Từ vựng kỹ năng Đọc - Phần 3
năng suất,,,,,Từ vựng kỹ năng Đọc - Phần 3
dùng một lần,,,,,Từ vựng kỹ năng Đọc - Phần 3
dự án,,,,,Từ vựng kỹ năng Đọc - Phần 3
chú ý đến,,,,,Từ vựng kỹ năng Đọc - Phần 3
cấu trúc,,,,,Từ vựng kỹ năng Đọc - Phần 3
"trao đổi thư từ, giống với",,,,,Từ vựng kỹ năng Đọc - Phần 3
từ,,,,,Từ vựng kỹ năng Đọc - Phần 3
Loại bỏ,,,,,Từ vựng kỹ năng Nghe - Phần 3
Tràn,,,,,Từ vựng kỹ năng Nghe - Phần 3
Lan can,,,,,Từ vựng kỹ năng Nghe - Phần 3
Sắp xếp,,,,,Từ vựng kỹ năng Nghe - Phần 3
Hết hàng,,,,,Từ vựng kỹ năng Nghe - Phần 3
Được lên lịch làm gì,,,,,Từ vựng kỹ năng Nghe - Phần 3
Yêu cầu,,,,,Từ vựng kỹ năng Nghe - Phần 3
Sạc / Phí,,,,,Từ vựng kỹ năng Nghe - Phần 3
Người giám sát,,,,,Từ vựng kỹ năng Nghe - Phần 3
Thu hoạch,,,,,Từ vựng kỹ năng Nghe - Phần 3
Minh họa,,,,,Từ vựng kỹ năng Nghe - Phần 3
Thích hơn,,,,,Từ vựng kỹ năng Nghe - Phần 3
Lối đi,,,,,Từ vựng kỹ năng Nghe - Phần 3
Một cách chính thức,,,,,Từ vựng kỹ năng Nghe - Phần 3
Quyên góp,,,,,Từ vựng kỹ năng Nghe - Phần 3
Tổ chức,,,,,Từ vựng kỹ năng Nghe - Phần 3
Tổ chức,,,,,Từ vựng kỹ năng Nghe - Phần 3
Mở rộng,,,,,Từ vựng kỹ năng Nghe - Phần 3
Tạo,,,,,Từ vựng kỹ năng Nghe - Phần 3
Ứng dụng,,,,,Từ vựng kỹ năng Nghe - Phần 3
Sự đăng ký,,,,,Từ vựng kỹ năng Nghe - Phần 3
Người tham gia,,,,,Từ vựng kỹ năng Nghe - Phần 3
Ấn tượng,,,,,Từ vựng kỹ năng Nghe - Phần 3
Số người tham dự,,,,,Từ vựng kỹ năng Nghe - Phần 3
Một cách chắc chắn,,,,,Từ vựng kỹ năng Nghe - Phần 3
Nhiều,,,,,Từ vựng kỹ năng Nghe - Phần 3
Tinh giản,,,,,Từ vựng kỹ năng Nghe - Phần 3
Cụ thể,,,,,Từ vựng kỹ năng Nghe - Phần 3
Người điều hành,,,,,Từ vựng kỹ năng Nghe - Phần 3
Thuộc quản trị,,,,,Từ vựng kỹ năng Nghe - Phần 3
Sự đầu tư,,,,,Từ vựng kỹ năng Nghe - Phần 3
Ước tính chi phí,,,,,Từ vựng kỹ năng Nghe - Phần 3
Sửa đổi,,,,,Từ vựng kỹ năng Nghe - Phần 3
Không may thay,,,,,Từ vựng kỹ năng Nghe - Phần 3
Lịch hẹn,,,,,Từ vựng kỹ năng Nghe - Phần 3
Sự hướng dẫn,,,,,Từ vựng kỹ năng Nghe - Phần 3
Giá đỡ,,,,,Từ vựng kỹ năng Nghe - Phần 3
Điều chỉnh,,,,,Từ vựng kỹ năng Nghe - Phần 3
Xác định,,,,,Từ vựng kỹ năng Nghe - Phần 3
Hợp lý,,,,,Từ vựng kỹ năng Nghe - Phần 3
Sự sản xuất,,,,,Từ vựng kỹ năng Nghe - Phần 3
Nguyên mẫu,,,,,Từ vựng kỹ năng Nghe - Phần 3
Thuyết phục,,,,,Từ vựng kỹ năng Nghe - Phần 3
Không đắt tiền,,,,,Từ vựng kỹ năng Nghe - Phần 3
Lắp ráp,,,,,Từ vựng kỹ năng Nghe - Phần 3
Vấn đề / ban hành,,,,,Từ vựng kỹ năng Nghe - Phần 3
Đánh giá,,,,,Từ vựng kỹ năng Nghe - Phần 3
Đi đến,,,,,Từ vựng kỹ năng Nghe - Phần 3
Kế toán,,,,,Từ vựng kỹ năng Nghe - Phần 3
Sự nghỉ hưu,,,,,Từ vựng kỹ năng Nghe - Phần 3
Ăn mừng,,,,,Từ vựng kỹ năng Nghe - Phần 3
Trước,,,,,Từ vựng kỹ năng Nghe - Phần 3
Đồng nghiệp,,,,,Từ vựng kỹ năng Nghe - Phần 3
Phân phối,,,,,Từ vựng kỹ năng Nghe - Phần 3
Khẩn cấp,,,,,Từ vựng kỹ năng Nghe - Phần 3
Được trang bị đầy đủ,,,,,Từ vựng kỹ năng Nghe - Phần 3
Năng lực,,,,,Từ vựng kỹ năng Nghe - Phần 3
Tính mới lạ,,,,,Từ vựng kỹ năng Nghe - Phần 3
Kịp giờ,,,,,Từ vựng kỹ năng Nghe - Phần 3
Thông báo,,,,,Từ vựng kỹ năng Nghe - Phần 3
Đủ tiêu chuẩn,,,,,Từ vựng kỹ năng Nghe - Phần 3
Quy trình,,,,,Từ vựng kỹ năng Nghe - Phần 3
Điều tra,,,,,Từ vựng kỹ năng Nghe - Phần 3
Tỉnh táo / cảnh báo,,,,,Từ vựng kỹ năng Nghe - Phần 3
Có giá phải chăng,,,,,Từ vựng kỹ năng Nghe - Phần 3
Sự tận tâm,,,,,Từ vựng kỹ năng Nghe - Phần 3
Vận hành,,,,,Từ vựng kỹ năng Nghe - Phần 3
Có được,,,,,Từ vựng kỹ năng Nghe - Phần 3
Ngày mở cửa tham quan,,,,,Từ vựng kỹ năng Nghe - Phần 3
Thường xuyên,,,,,Từ vựng kỹ năng Nghe - Phần 3
Mang tính thương mại,,,,,Từ vựng kỹ năng Nghe - Phần 3
Tạo cảnh quan,,,,,Từ vựng kỹ năng Nghe - Phần 3
Năng suất,,,,,Từ vựng kỹ năng Nghe - Phần 3
Thay đổi,,,,,Từ vựng kỹ năng Nghe - Phần 3
Cấp / Tiền trợ cấp,,,,,Từ vựng kỹ năng Nghe - Phần 3
Hội trường,,,,,Từ vựng kỹ năng Nghe - Phần 3
Thuộc dinh dưỡng,,,,,Từ vựng kỹ năng Nghe - Phần 3
chèn,,,,,Từ vựng kỹ năng Nghe - Phần 2
sắp xếp,,,,,Từ vựng kỹ năng Nghe - Phần 2
"vứt, bỏ",,,,,Từ vựng kỹ năng Nghe - Phần 2
"trống, làm trống, đổ hết ra",,,,,Từ vựng kỹ năng Nghe - Phần 2
"phân tán, vứt rải rác",,,,,Từ vựng kỹ năng Nghe - Phần 2
mái che,,,,,Từ vựng kỹ năng Nghe - Phần 2
"trưng bày, trình chiếu",,,,,Từ vựng kỹ năng Nghe - Phần 2
ngân sách,,,,,Từ vựng kỹ năng Nghe - Phần 2
chi nhánh chính,,,,,Từ vựng kỹ năng Nghe - Phần 2
cuộc hẹn,,,,,Từ vựng kỹ năng Nghe - Phần 2
ghé ngang,,,,,Từ vựng kỹ năng Nghe - Phần 2
làm được,,,,,Từ vựng kỹ năng Nghe - Phần 2
tuyển được người để lấp vào vị trí,,,,,Từ vựng kỹ năng Nghe - Phần 2
có tính đổi mới,,,,,Từ vựng kỹ năng Nghe - Phần 2
đặc điểm,,,,,Từ vựng kỹ năng Nghe - Phần 2
sửa đổi,,,,,Từ vựng kỹ năng Nghe - Phần 2
bảo hành,,,,,Từ vựng kỹ năng Nghe - Phần 2
tài sản,,,,,Từ vựng kỹ năng Nghe - Phần 2
sự xác nhận,,,,,Từ vựng kỹ năng Nghe - Phần 2
tránh,,,,,Từ vựng kỹ năng Nghe - Phần 2
sự mất điện,,,,,Từ vựng kỹ năng Nghe - Phần 2
xay ra,,,,,Từ vựng kỹ năng Nghe - Phần 2
không có sẵn,,,,,Từ vựng kỹ năng Nghe - Phần 2
không chính xác,,,,,Từ vựng kỹ năng Nghe - Phần 2
một cách chắc chắn,,,,,Từ vựng kỹ năng Nghe - Phần 2
đạt được,,,,,Từ vựng kỹ năng Nghe - Phần 2
đáng kể,,,,,Từ vựng kỹ năng Nghe - Phần 2
"sự khôi phục, sự phục hồi",,,,,Từ vựng kỹ năng Nghe - Phần 2
tuyệt đẹp,,,,,Từ vựng kỹ năng Nghe - Phần 2
tiết lộ,,,,,Từ vựng kỹ năng Nghe - Phần 2
ngày kỷ niệm,,,,,Từ vựng kỹ năng Nghe - Phần 2
không trang trọng,,,,,Từ vựng kỹ năng Nghe - Phần 2
thuộc dược,,,,,Từ vựng kỹ năng Nghe - Phần 2
bền,,,,,Từ vựng kỹ năng Nghe - Phần 2
nhà sản xuất,,,,,Từ vựng kỹ năng Nghe - Phần 2
có tính bắt buộc,,,,,Từ vựng kỹ năng Nghe - Phần 2
toàn bộ,,,,,Từ vựng kỹ năng Nghe - Phần 2
tiển tài trợ,,,,,Từ vựng kỹ năng Nghe - Phần 2
"kéo dài, gia hạn",,,,,Từ vựng kỹ năng Nghe - Phần 2
sự hỗ trợ,,,,,Từ vựng kỹ năng Nghe - Phần 2
ứng tuyển cái gì,,,,,Từ vựng kỹ năng Nghe - Phần 2
"trợ cấp, tiền trợ cấp",,,,,Từ vựng kỹ năng Nghe - Phần 2
phân khúc,,,,,Từ vựng kỹ năng Nghe - Phần 2
hiện đại nhất,,,,,Từ vựng kỹ năng Nghe - Phần 2
vận động viên,,,,,Từ vựng kỹ năng Nghe - Phần 2
cạnh tranh,,,,,Từ vựng kỹ năng Nghe - Phần 2
"hài lòng, vui vẻ",,,,,Từ vựng kỹ năng Nghe - Phần 2
"viện, cơ sở",,,,,Từ vựng kỹ năng Nghe - Phần 2
sáng kiến,,,,,Từ vựng kỹ năng Nghe - Phần 2
"gìn giữ, bảo vệ",,,,,Từ vựng kỹ năng Nghe - Phần 2
phân bổ,,,,,Từ vựng kỹ năng Nghe - Phần 2
sơ bộ,,,,,Từ vựng kỹ năng Nghe - Phần 2
"phát hiện, thông tin tìm được",,,,,Từ vựng kỹ năng Nghe - Phần 2
công việc dự báo,,,,,Từ vựng kỹ năng Nghe - Phần 2
tùy chỉnh,,,,,Từ vựng kỹ năng Nghe - Phần 2
cấy ghép,,,,,Từ vựng kỹ năng Nghe - Phần 2
"nhiều, đa dạng",,,,,Từ vựng kỹ năng Nghe - Phần 2
cư dân,,,,,Từ vựng kỹ năng Nghe - Phần 2
sự quảng bá,,,,,Từ vựng kỹ năng Nghe - Phần 2
điền vào (đơn từ),,,,,Từ vựng kỹ năng Nghe - Phần 2
biên lai,,,,,Từ vựng kỹ năng Nghe - Phần 2
"đính hôn, thu hút, thuê tuyển",,,,,Từ vựng kỹ năng Nghe - Phần 2
cư trú,,,,,Từ vựng kỹ năng Nghe - Phần 2
sự kích thích,,,,,Từ vựng kỹ năng Nghe - Phần 2
người đại diện,,,,,Từ vựng kỹ năng Nghe - Phần 2
sự cho phép,,,,,Từ vựng kỹ năng Nghe - Phần 2
được chứng nhận,,,,,Từ vựng kỹ năng Nghe - Phần 2
xác định,,,,,Từ vựng kỹ năng Nghe - Phần 2
sắp tới,,,,,Từ vựng kỹ năng Nghe - Phần 2
"có thể dựa vào, đáng tin cậy",,,,,Từ vựng kỹ năng Nghe - Phần 2
lời nhắc,,,,,Từ vựng kỹ năng Nghe - Phần 2
xung quanh,,,,,Từ vựng kỹ năng Nghe - Phần 2
sự phản đối,,,,,Từ vựng kỹ năng Nghe - Phần 2
điều chỉnh,,,,,Từ vựng kỹ năng Nghe - Phần 2
biện minh,,,,,Từ vựng kỹ năng Nghe - Phần 2
đánh giá khen ngợi,,,,,Từ vựng kỹ năng Nghe - Phần 2
dinh dưỡng,,,,,Từ vựng kỹ năng Nghe - Phần 2
"chi trích, phê bình",,,,,Từ vựng kỹ năng Nghe - Phần 2
sự bất tiện,,,,,Từ vựng kỹ năng Nghe - Phần 2
dự đoán,,,,,Từ vựng kỹ năng Nghe - Phần 2
xếp hàng,,,,,Từ vựng kỹ năng Nghe - Phần 1
"lau sạch, lau cởi",,,,,Từ vựng kỹ năng Nghe - Phần 1
vứt bỏ,,,,,Từ vựng kỹ năng Nghe - Phần 1
"xẻng, xúc",,,,,Từ vựng kỹ năng Nghe - Phần 1
sắp xếp lại,,,,,Từ vựng kỹ năng Nghe - Phần 1
phương tiện,,,,,Từ vựng kỹ năng Nghe - Phần 1
giá đỡ,,,,,Từ vựng kỹ năng Nghe - Phần 1
"chồng, đống",,,,,Từ vựng kỹ năng Nghe - Phần 1
quét,,,,,Từ vựng kỹ năng Nghe - Phần 1
vật liệu,,,,,Từ vựng kỹ năng Nghe - Phần 1
"đa số, hầu hết",,,,,Từ vựng kỹ năng Nghe - Phần 1
khách thuê,,,,,Từ vựng kỹ năng Nghe - Phần 1
"người bán, nhà cung cấp",,,,,Từ vựng kỹ năng Nghe - Phần 1
sự bảo trì,,,,,Từ vựng kỹ năng Nghe - Phần 1
nhân sự,,,,,Từ vựng kỹ năng Nghe - Phần 1
bộ phận,,,,,Từ vựng kỹ năng Nghe - Phần 1
"hành lang, lối đi",,,,,Từ vựng kỹ năng Nghe - Phần 1
đạt được,,,,,Từ vựng kỹ năng Nghe - Phần 1
"hóa ra, có mặt tại một sự kiện",,,,,Từ vựng kỹ năng Nghe - Phần 1
có sẵn,,,,,Từ vựng kỹ năng Nghe - Phần 1
nguyên mẫu,,,,,Từ vựng kỹ năng Nghe - Phần 1
đề cử,,,,,Từ vựng kỹ năng Nghe - Phần 1
tổ chức,,,,,Từ vựng kỹ năng Nghe - Phần 1
sự kê đơn,,,,,Từ vựng kỹ năng Nghe - Phần 1
người gây quỹ,,,,,Từ vựng kỹ năng Nghe - Phần 1
hàng hóa,,,,,Từ vựng kỹ năng Nghe - Phần 1
việc kế toán,,,,,Từ vựng kỹ năng Nghe - Phần 1
hóa đơn,,,,,Từ vựng kỹ năng Nghe - Phần 1
"cấp quyền, trao quyền",,,,,Từ vựng kỹ năng Nghe - Phần 1
vắng mặt,,,,,Từ vựng kỹ năng Nghe - Phần 1
không có gì thú vị xảy ra,,,,,Từ vựng kỹ năng Nghe - Phần 1
chậm tiến độ,,,,,Từ vựng kỹ năng Nghe - Phần 1
sự hiếu khách,,,,,Từ vựng kỹ năng Nghe - Phần 1
khí tượng học,,,,,Từ vựng kỹ năng Nghe - Phần 1
tem,,,,,Từ vựng kỹ năng Nghe - Phần 1
sự nghỉ hưu,,,,,Từ vựng kỹ năng Nghe - Phần 1
đàm phán,,,,,Từ vựng kỹ năng Nghe - Phần 1
giám sát,,,,,Từ vựng kỹ năng Nghe - Phần 1
sự sáp nhập,,,,,Từ vựng kỹ năng Nghe - Phần 1
việc được giao,,,,,Từ vựng kỹ năng Nghe - Phần 1
"nhắc đến, đề cập",,,,,Từ vựng kỹ năng Nghe - Phần 1
không hoạt động,,,,,Từ vựng kỹ năng Nghe - Phần 1
"chứng minh, minh họa",,,,,Từ vựng kỹ năng Nghe - Phần 1
"nhỏ gọn, gọn nhẹ",,,,,Từ vựng kỹ năng Nghe - Phần 1
sự đăng ký,,,,,Từ vựng kỹ năng Nghe - Phần 1
sự giảm,,,,,Từ vựng kỹ năng Nghe - Phần 1
nguyên liệu,,,,,Từ vựng kỹ năng Nghe - Phần 1
toàn bộ,,,,,Từ vựng kỹ năng Nghe - Phần 1
sự điều tra,,,,,Từ vựng kỹ năng Nghe - Phần 1
thiếu,,,,,Từ vựng kỹ năng Nghe - Phần 1
đủ điều kiện,,,,,Từ vựng kỹ năng Nghe - Phần 1
"sở thích, thị hiếu",,,,,Từ vựng kỹ năng Nghe - Phần 1
sáng kiến,,,,,Từ vựng kỹ năng Nghe - Phần 1
tránh,,,,,Từ vựng kỹ năng Nghe - Phần 1
sự cấp giấy chứng nhận,,,,,Từ vựng kỹ năng Nghe - Phần 1
thường niên,,,,,Từ vựng kỹ năng Nghe - Phần 1
người hiến tặng,,,,,Từ vựng kỹ năng Nghe - Phần 1
không may là,,,,,Từ vựng kỹ năng Nghe - Phần 1
"gỡ bỏ, loại bỏ",,,,,Từ vựng kỹ năng Nghe - Phần 1
liếc nhìn,,,,,Từ vựng kỹ năng Nghe - Phần 1
"phân công, giao việc",,,,,Từ vựng kỹ năng Nghe - Phần 1
họp báo,,,,,Từ vựng kỹ năng Nghe - Phần 1
quan trọng,,,,,Từ vựng kỹ năng Nghe - Phần 1
tập hợp,,,,,Từ vựng kỹ năng Nghe - Phần 1
cơ hội,,,,,Từ vựng kỹ năng Nghe - Phần 1
sức chứa,,,,,Từ vựng kỹ năng Nghe - Phần 1
liền kề,,,,,Từ vựng kỹ năng Nghe - Phần 1
liền kề với,,,,,Từ vựng kỹ năng Nghe - Phần 1
chỉ định,,,,,Từ vựng kỹ năng Nghe - Phần 1
"luân phiên, xen kẽ",,,,,Từ vựng kỹ năng Nghe - Phần 1
đặc điểm,,,,,Từ vựng kỹ năng Nghe - Phần 1
tiền thu được,,,,,Từ vựng kỹ năng Nghe - Phần 1
đồ ăn thức uống,,,,,Từ vựng kỹ năng Nghe - Phần 1
"chỉ đến, đề cập tới",,,,,Từ vựng kỹ năng Nghe - Phần 1
diễn giả khách mời,,,,,Từ vựng kỹ năng Nghe - Phần 1
"khám phá, phát hiện",,,,,Từ vựng kỹ năng Nghe - Phần 1
phức tạp,,,,,Từ vựng kỹ năng Nghe - Phần 1
sửa đổi,,,,,Từ vựng kỹ năng Nghe - Phần 1
tưởng nhớ,,,,,Từ vựng kỹ năng Nghe - Phần 1
"hiệp hội, mối quan hệ",,,,,Từ vựng kỹ năng Nghe - Phần 1
Liếc nhìn ai/cái gì,,,,,Từ vựng kỹ năng Nghe - Phần 4
Loại bỏ cái gì,,,,,Từ vựng kỹ năng Nghe - Phần 4
Kiểm tra,,,,,Từ vựng kỹ năng Nghe - Phần 4
Nổi,,,,,Từ vựng kỹ năng Nghe - Phần 4
Ở xa,,,,,Từ vựng kỹ năng Nghe - Phần 4
Nhà cung cấp,,,,,Từ vựng kỹ năng Nghe - Phần 4
Sự đặt trước,,,,,Từ vựng kỹ năng Nghe - Phần 4
Thoải mái,,,,,Từ vựng kỹ năng Nghe - Phần 4
Giấy chứng nhận,,,,,Từ vựng kỹ năng Nghe - Phần 4
Cải tạo,,,,,Từ vựng kỹ năng Nghe - Phần 4
Giao hàng nhanh,,,,,Từ vựng kỹ năng Nghe - Phần 4
Theo đuổi,,,,,Từ vựng kỹ năng Nghe - Phần 4
Hội chợ việc làm,,,,,Từ vựng kỹ năng Nghe - Phần 4
Có tính truyền cảm hứng,,,,,Từ vựng kỹ năng Nghe - Phần 4
Xem sơ qua cái gì,,,,,Từ vựng kỹ năng Nghe - Phần 4
Gần đó,,,,,Từ vựng kỹ năng Nghe - Phần 4
Đáng kể,,,,,Từ vựng kỹ năng Nghe - Phần 4
Ngừng,,,,,Từ vựng kỹ năng Nghe - Phần 4
Cụ thể,,,,,Từ vựng kỹ năng Nghe - Phần 4
Trễ,,,,,Từ vựng kỹ năng Nghe - Phần 4
Thông báo,,,,,Từ vựng kỹ năng Nghe - Phần 4
Nhấn mạnh,,,,,Từ vựng kỹ năng Nghe - Phần 4
Đặt cọc / tiền đặt cọc,,,,,Từ vựng kỹ năng Nghe - Phần 4
Có chuyên môn,,,,,Từ vựng kỹ năng Nghe - Phần 4
Hiện đại nhất,,,,,Từ vựng kỹ năng Nghe - Phần 4
Thiết bị,,,,,Từ vựng kỹ năng Nghe - Phần 4
Sắp xảy ra,,,,,Từ vựng kỹ năng Nghe - Phần 4
Sự mô tả,,,,,Từ vựng kỹ năng Nghe - Phần 4
Ứng tuyển cái gì,,,,,Từ vựng kỹ năng Nghe - Phần 4
Cụ thể,,,,,Từ vựng kỹ năng Nghe - Phần 4
Hướng dẫn,,,,,Từ vựng kỹ năng Nghe - Phần 4
Điền vào,,,,,Từ vựng kỹ năng Nghe - Phần 4
Hiện thời,,,,,Từ vựng kỹ năng Nghe - Phần 4
Cho thuê,,,,,Từ vựng kỹ năng Nghe - Phần 4
Cho thuê (hợp đồng dài hạn),,,,,Từ vựng kỹ năng Nghe - Phần 4
Người thuê,,,,,Từ vựng kỹ năng Nghe - Phần 4
Nhận ra,,,,,Từ vựng kỹ năng Nghe - Phần 4
n.kəm'pli:t/,,,,,Từ vựng kỹ năng Nghe - Phần 4
Trở nên ít hơn,,,,,Từ vựng kỹ năng Nghe - Phần 4
dem.ən'strer.fən/,,,,,Từ vựng kỹ năng Nghe - Phần 4
Phản hồi ai/cái gì,,,,,Từ vựng kỹ năng Nghe - Phần 4
Đạt được,,,,,Từ vựng kỹ năng Nghe - Phần 4
Sự tư vấn,,,,,Từ vựng kỹ năng Nghe - Phần 4
Điều chỉnh,,,,,Từ vựng kỹ năng Nghe - Phần 4
Sự thanh tra,,,,,Từ vựng kỹ năng Nghe - Phần 4
Chi tiết,,,,,Từ vựng kỹ năng Nghe - Phần 4
Nguyên vẹn,,,,,Từ vựng kỹ năng Nghe - Phần 4
Sắp xếp,,,,,Từ vựng kỹ năng Nghe - Phần 4
Sự nhẹ nhõm,,,,,Từ vựng kỹ năng Nghe - Phần 4
Hàng rào,,,,,Từ vựng kỹ năng Nghe - Phần 4
Di chuyển đi làm,,,,,Từ vựng kỹ năng Nghe - Phần 4
Khủng khiếp,,,,,Từ vựng kỹ năng Nghe - Phần 4
Xin lỗi,,,,,Từ vựng kỹ năng Nghe - Phần 4
Việc được giao,,,,,Từ vựng kỹ năng Nghe - Phần 4
Sự cải thiện,,,,,Từ vựng kỹ năng Nghe - Phần 4
Mắc sai lầm,,,,,Từ vựng kỹ năng Nghe - Phần 4
Giả định,,,,,Từ vựng kỹ năng Nghe - Phần 4
Sự bất mãn,,,,,Từ vựng kỹ năng Nghe - Phần 4
Biện minh,,,,,Từ vựng kỹ năng Nghe - Phần 4
Kích hoạt,,,,,Từ vựng kỹ năng Nghe - Phần 4
Sự làm rõ,,,,,Từ vựng kỹ năng Nghe - Phần 4
Gây xao lãng,,,,,Từ vựng kỹ năng Nghe - Phần 4
Sự thay thế,,,,,Từ vựng kỹ năng Nghe - Phần 4
Tiếng tăm,,,,,Từ vựng kỹ năng Nghe - Phần 4
Rút lui,,,,,Từ vựng kỹ năng Nghe - Phần 4
Không có sẵn,,,,,Từ vựng kỹ năng Nghe - Phần 4
Tại chỗ,,,,,Từ vựng kỹ năng Nghe - Phần 4
Giải quyết,,,,,Từ vựng kỹ năng Nghe - Phần 4
Liên quan,,,,,Từ vựng kỹ năng Nghe - Phần 4
Không thể tiếp cận,,,,,Từ vựng kỹ năng Nghe - Phần 4
Sự tiện lợi,,,,,Từ vựng kỹ năng Nghe - Phần 4
Một cách đều đặn,,,,,Từ vựng kỹ năng Nghe - Phần 4
Thay thế,,,,,Từ vựng kỹ năng Nghe - Phần 4
Giữ lại,,,,,Từ vựng kỹ năng Nghe - Phần 4
Triển khai,,,,,Từ vựng kỹ năng Nghe - Phần 4
læb.ə'reı.fən/,,,,,Từ vựng kỹ năng Nghe - Phần 4
Lời cảnh báo,,,,,Từ vựng kỹ năng Nghe - Phần 4
Tiềm năng,,,,,Từ vựng kỹ năng Nghe - Phần 4
Tạo động lực,,,,,Từ vựng kỹ năng Nghe - Phần 4
0:.tə'mæt.ı.kəl.i/,,,,,Từ vựng kỹ năng Nghe - Phần 4
mặc đồng phục,,,,,Từ vựng nghe hiểu nâng cao
nhân viên bảo vệ,,,,,Từ vựng nghe hiểu nâng cao
kiểm tra,,,,,Từ vựng nghe hiểu nâng cao
gói hàng,,,,,Từ vựng nghe hiểu nâng cao
cổng vào,,,,,Từ vựng nghe hiểu nâng cao
còi,,,,,Từ vựng nghe hiểu nâng cao
những thứ phát ra âm thanh,,,,,Từ vựng nghe hiểu nâng cao
chú ý chú ý,,,,,Từ vựng nghe hiểu nâng cao
ghé thăm,,,,,Từ vựng nghe hiểu nâng cao
trang web,,,,,Từ vựng nghe hiểu nâng cao
cửa hàng,,,,,Từ vựng nghe hiểu nâng cao
việc buôn bán bia,,,,,Từ vựng nghe hiểu nâng cao
được cho phép làm gì,,,,,Từ vựng nghe hiểu nâng cao
bên trong sân vận động,,,,,Từ vựng nghe hiểu nâng cao
bia lon,,,,,Từ vựng nghe hiểu nâng cao
bia chai,,,,,Từ vựng nghe hiểu nâng cao
liên lạc,,,,,Từ vựng nghe hiểu nâng cao
nhân viên,,,,,Từ vựng nghe hiểu nâng cao
liên lạc,,,,,Từ vựng nghe hiểu nâng cao
quốc tế,,,,,Từ vựng nghe hiểu nâng cao
lễ quốc gia,,,,,Từ vựng nghe hiểu nâng cao
lấy thông tin,,,,,Từ vựng nghe hiểu nâng cao
quyên góp,,,,,Từ vựng nghe hiểu nâng cao
người đại diện,,,,,Từ vựng nghe hiểu nâng cao
gọi lại,,,,,Từ vựng nghe hiểu nâng cao
trong giờ làm việc,,,,,Từ vựng nghe hiểu nâng cao
ghi âm,,,,,Từ vựng nghe hiểu nâng cao
tin nhắn,,,,,Từ vựng nghe hiểu nâng cao
tiếng bíp,,,,,Từ vựng nghe hiểu nâng cao
đường dây bận,,,,,Từ vựng nghe hiểu nâng cao
xử lý,,,,,Từ vựng nghe hiểu nâng cao
tham gia sự kiện,,,,,Từ vựng nghe hiểu nâng cao
quan hệ công chúng,,,,,Từ vựng nghe hiểu nâng cao
bị trì hoãn,,,,,Từ vựng nghe hiểu nâng cao
do thời tiết xấu,,,,,Từ vựng nghe hiểu nâng cao
an toàn,,,,,Từ vựng nghe hiểu nâng cao
"chính, quan trọng",,,,,Từ vựng nghe hiểu nâng cao
mối quan tâm,,,,,Từ vựng nghe hiểu nâng cao
sắp xếp lại,,,,,Từ vựng nghe hiểu nâng cao
lên tàu / lên máy bay,,,,,Từ vựng nghe hiểu nâng cao
khởi hành,,,,,Từ vựng nghe hiểu nâng cao
sự cập nhật,,,,,Từ vựng nghe hiểu nâng cao
Sự sửa đổi,,,,,Từ vựng kỹ năng Đọc - Phần 4
Sự phân chia,,,,,Từ vựng kỹ năng Đọc - Phần 4
Biện pháp khắc phục,,,,,Từ vựng kỹ năng Đọc - Phần 4
Dấu,,,,,Từ vựng kỹ năng Đọc - Phần 4
Sự thẳng thắn,,,,,Từ vựng kỹ năng Đọc - Phần 4
Hậu cần,,,,,Từ vựng kỹ năng Đọc - Phần 4
Chủ yếu,,,,,Từ vựng kỹ năng Đọc - Phần 4
Lần lượt,,,,,Từ vựng kỹ năng Đọc - Phần 4
Đáng chú ý,,,,,Từ vựng kỹ năng Đọc - Phần 4
prodak'tıvəti/,,,,,Từ vựng kỹ năng Đọc - Phần 4
Sự tiếp quản,,,,,Từ vựng kỹ năng Đọc - Phần 4
Cải thiện hệ thống,,,,,Từ vựng kỹ năng Đọc - Phần 4
Nghiêm ngặt,,,,,Từ vựng kỹ năng Đọc - Phần 4
Nhiều,,,,,Từ vựng kỹ năng Đọc - Phần 4
Tiên tiến,,,,,Từ vựng kỹ năng Đọc - Phần 4
Đông đúc,,,,,Từ vựng kỹ năng Đọc - Phần 4
Ảnh hưởng,,,,,Từ vựng kỹ năng Đọc - Phần 4
Đảm bảo,,,,,Từ vựng kỹ năng Đọc - Phần 4
Nhà lập pháp,,,,,Từ vựng kỹ năng Đọc - Phần 4
Tiềm năng,,,,,Từ vựng kỹ năng Đọc - Phần 4
Nhẹ,,,,,Từ vựng kỹ năng Đọc - Phần 4
Hoàn toàn,,,,,Từ vựng kỹ năng Đọc - Phần 4
Vui vẻ,,,,,Từ vựng kỹ năng Đọc - Phần 4
Tài năng,,,,,Từ vựng kỹ năng Đọc - Phần 4
Trước,,,,,Từ vựng kỹ năng Đọc - Phần 4
Dựa,,,,,Từ vựng kỹ năng Đọc - Phần 4
Liên tục,,,,,Từ vựng kỹ năng Đọc - Phần 4
Định kỳ,,,,,Từ vựng kỹ năng Đọc - Phần 4
Sự đồng ý; đồng ý,,,,,Từ vựng kỹ năng Đọc - Phần 4
Sự tranh cãi,,,,,Từ vựng kỹ năng Đọc - Phần 4
Nứt,,,,,Từ vựng kỹ năng Đọc - Phần 4
Kiểm tra,,,,,Từ vựng kỹ năng Đọc - Phần 4
Sa thải,,,,,Từ vựng kỹ năng Đọc - Phần 4
Tương tự,,,,,Từ vựng kỹ năng Đọc - Phần 4
Đột ngột,,,,,Từ vựng kỹ năng Đọc - Phần 4
Đăng ký,,,,,Từ vựng kỹ năng Đọc - Phần 4
Loại bỏ,,,,,Từ vựng kỹ năng Đọc - Phần 4
Bãi rác,,,,,Từ vựng kỹ năng Đọc - Phần 4
Chuyển đổi,,,,,Từ vựng kỹ năng Đọc - Phần 4
Sức mạnh,,,,,Từ vựng kỹ năng Đọc - Phần 4
Sự xuất hiện,,,,,Từ vựng kỹ năng Đọc - Phần 4
Sự thay thế; thay thế,,,,,Từ vựng kỹ năng Đọc - Phần 4
Sự điều tra,,,,,Từ vựng kỹ năng Đọc - Phần 4
Xăng,,,,,Từ vựng kỹ năng Đọc - Phần 4
Đường cao tốc,,,,,Từ vựng kỹ năng Đọc - Phần 4
Khoai tây chiên lát (snack),,,,,Từ vựng kỹ năng Đọc - Phần 4
Thuế giá trị gia tăng,,,,,Từ vựng kỹ năng Đọc - Phần 4
Giao dịch,,,,,Từ vựng kỹ năng Đọc - Phần 4
Giai điệu,,,,,Từ vựng kỹ năng Đọc - Phần 4
Trưng bày; buổi trưng bày,,,,,Từ vựng kỹ năng Đọc - Phần 4
Giá cả,,,,,Từ vựng kỹ năng Đọc - Phần 4
Đường vòng,,,,,Từ vựng kỹ năng Đọc - Phần 4
Làm cho nhanh chóng,,,,,Từ vựng kỹ năng Đọc - Phần 4
Đến hạn,,,,,Từ vựng kỹ năng Đọc - Phần 4
Thuộc thẩm mỹ,,,,,Từ vựng kỹ năng Đọc - Phần 4
Sự tưới tiêu,,,,,Từ vựng kỹ năng Đọc - Phần 4
Đáng kể,,,,,Từ vựng kỹ năng Đọc - Phần 4
Vui lòng trả lời (thư mời),,,,,Từ vựng kỹ năng Đọc - Phần 4
Kỷ niệm,,,,,Từ vựng kỹ năng Đọc - Phần 4
Bảng,,,,,Từ vựng kỹ năng Đọc - Phần 4
Độ trễ thời gian,,,,,Từ vựng kỹ năng Đọc - Phần 4
Dịch vụ vệ sinh,,,,,Từ vựng kỹ năng Đọc - Phần 4
Thuộc chăm sóc,,,,,Từ vựng kỹ năng Đọc - Phần 4
Có sẵn,,,,,Từ vựng kỹ năng Đọc - Phần 4
Văn phòng phẩm,,,,,Từ vựng kỹ năng Đọc - Phần 4
Thám tử,,,,,Từ vựng kỹ năng Đọc - Phần 4
Cho đến nay,,,,,Từ vựng kỹ năng Đọc - Phần 4
Cuốn hút,,,,,Từ vựng kỹ năng Đọc - Phần 4
Sự hồi hộp,,,,,Từ vựng kỹ năng Đọc - Phần 4
Quận,,,,,Từ vựng kỹ năng Đọc - Phần 4
Quả bưởi,,,,,Từ vựng kỹ năng Đọc - Phần 4
Phòng thương mại,,,,,Từ vựng kỹ năng Đọc - Phần 4
Du lịch nông nghiệp,,,,,Từ vựng kỹ năng Đọc - Phần 4
Chỗ ở,,,,,Từ vựng kỹ năng Đọc - Phần 4
Thân mật,,,,,Từ vựng kỹ năng Đọc - Phần 4
Nhiệt tình,,,,,Từ vựng kỹ năng Đọc - Phần 4
Đang chờ,,,,,Từ vựng kỹ năng Đọc - Phần 4
Cử nhân Nghệ thuật,,,,,Từ vựng kỹ năng Đọc - Phần 4
koz.mə'tɒl.ə.dʒi/,,,,,Từ vựng kỹ năng Đọc - Phần 4
Ngoài thành phố,,,,,Từ vựng kỹ năng Đọc - Phần 4
Cuộc hẹn,,,,,Chủ đề: Văn phòng
Cặp tài liệu,,,,,Chủ đề: Văn phòng
Hội nghị,,,,,Chủ đề: Văn phòng
Bàn làm việc,,,,,Chủ đề: Văn phòng
Tệp tài liệu,,,,,Chủ đề: Văn phòng
Máy fax,,,,,Chủ đề: Văn phòng
Bàn phím,,,,,Chủ đề: Văn phòng
Cuộc họp,,,,,Chủ đề: Văn phòng
Văn phòng,,,,,Chủ đề: Văn phòng
Kẹp giấy,,,,,Chủ đề: Văn phòng
Máy in,,,,,Chủ đề: Văn phòng
Lịch trình,,,,,Chủ đề: Văn phòng
Người giám sát,,,,,Chủ đề: Văn phòng
Nhiệm vụ,,,,,Chủ đề: Văn phòng
Điện thoại,,,,,Chủ đề: Văn phòng
Không gian làm việc,,,,,Chủ đề: Văn phòng
Tài liệu,,,,,Chủ đề: Văn phòng
Máy chiếu,,,,,Chủ đề: Văn phòng
Hạn chót,,,,,Chủ đề: Văn phòng
Lễ tân,,,,,Chủ đề: Văn phòng
Văn phòng phẩm,,,,,Chủ đề: Văn phòng
Thông báo nội bộ,,,,,Chủ đề: Văn phòng
Điểm đến,,,,,Chủ đề: Du lịch
Lịch trình,,,,,Chủ đề: Du lịch
Hộ chiếu,,,,,Chủ đề: Du lịch
Thị thực,,,,,Chủ đề: Du lịch
Thẻ lên máy bay,,,,,Chủ đề: Du lịch
Hành lý,,,,,Chủ đề: Du lịch
Vá li,,,,,Chủ đề: Du lịch
Chỗ ở,,,,,Chủ đề: Du lịch
Chuyến bay,,,,,Chủ đề: Du lịch
Công ty du lịch,,,,,Chủ đề: Du lịch
Du khách,,,,,Chủ đề: Du lịch
Hướng dẫn viên du lịch,,,,,Chủ đề: Du lịch
Quà lưu niệm,,,,,Chủ đề: Du lịch
Tham quan ngắm cảnh,,,,,Chủ đề: Du lịch
Sự khởi hành,,,,,Chủ đề: Du lịch
Sự đến nơi,,,,,Chủ đề: Du lịch
Chuyến tham quan,,,,,Chủ đề: Du lịch
Khu nghỉ dưỡng,,,,,Chủ đề: Du lịch
Ba lô,,,,,Chủ đề: Du lịch
Hải quan,,,,,Chủ đề: Du lịch
Làm thủ tục nhận phòng/máy bay,,,,,Chủ đề: Du lịch
Trả phòng,,,,,Chủ đề: Du lịch
Du thuyền,,,,,Chủ đề: Du lịch
Kỳ nghỉ,,,,,Chủ đề: Du lịch
Nhân viên thu ngân,,,,,Chủ đề: Mua sắm
Hóa đơn,,,,,Chủ đề: Mua sắm
Hoàn tiền,,,,,Chủ đề: Mua sắm
Trung tâm thương mại,,,,,Chủ đề: Mua sắm
Cửa hàng,,,,,Chủ đề: Mua sắm
Khách hàng,,,,,Chủ đề: Mua sắm
Giá,,,,,Chủ đề: Mua sắm
Giảm giá,,,,,Chủ đề: Mua sắm
Bán hàng giảm giá,,,,,Chủ đề: Mua sắm
Đổi hàng,,,,,Chủ đề: Mua sắm
Giỏ hàng,,,,,Chủ đề: Mua sắm
"Món hời, mặc cả",,,,,Chủ đề: Mua sắm
Sản phẩm,,,,,Chủ đề: Mua sắm
Chất lượng,,,,,Chủ đề: Mua sắm
Kệ hàng,,,,,Chủ đề: Mua sắm
Danh sách mua sắm,,,,,Chủ đề: Mua sắm
Phòng thử đồ,,,,,Chủ đề: Mua sắm
Thanh toán,,,,,Chủ đề: Mua sắm
Thẻ tín dụng,,,,,Chủ đề: Mua sắm
Thương mại điện tử,,,,,Chủ đề: Mua sắm
Bảo hành,,,,,Chủ đề: Mua sắm
hợp đồng,,,,,Chủ đề: Công việc
hết hạn,,,,,Chủ đề: Công việc
phúc lợi,,,,,Chủ đề: Công việc
trụ sở,,,,,Chủ đề: Công việc
chi nhánh,,,,,Chủ đề: Công việc
thẻ ra vào,,,,,Chủ đề: Công việc
"phân phối, cấp",,,,,Chủ đề: Công việc
máy tính xách tay,,,,,Chủ đề: Công việc
báo cáo kinh doanh,,,,,Chủ đề: Công việc
quá trình xử lý công việc,,,,,Chủ đề: Công việc
thỏa thuận mua bán,,,,,Chủ đề: Công việc
đi lại hàng ngày từ nhà đến nơi làm việc,,,,,Chủ đề: Công việc
gọi điện báo ốm,,,,,Chủ đề: Công việc
ngân sách hàng năm,,,,,Chủ đề: Công việc
"chuyên ngành, chuyên môn",,,,,Chủ đề: Công việc
nhiệm vụ (được phân công),,,,,Chủ đề: Công việc
chiến lược kinh doanh,,,,,Chủ đề: Công việc
"hiệu suất, thành tích",,,,,Chủ đề: Công việc
bảng thông báo,,,,,Chủ đề: Công việc
sự đăng kí,,,,,Chủ đề: Hội nghị & Công tác
"một xấp các tập sách nhỏ, cung cấp thông tin",,,,,Chủ đề: Hội nghị & Công tác
lộ trình,,,,,Chủ đề: Hội nghị & Công tác
tiện nghi,,,,,Chủ đề: Hội nghị & Công tác
chương trình nghị sự,,,,,Chủ đề: Hội nghị & Công tác
trình bày,,,,,Chủ đề: Hội nghị & Công tác
đang đi công tác,,,,,Chủ đề: Hội nghị & Công tác
gây quỹ,,,,,Chủ đề: Hội nghị & Công tác
hội nghị,,,,,Chủ đề: Hội nghị & Công tác
chuẩn bị một cuộc họp,,,,,Chủ đề: Hội nghị & Công tác
tài liệu phát tay,,,,,Chủ đề: Hội nghị & Công tác
"bản phác thảo, đề cương",,,,,Chủ đề: Hội nghị & Công tác
hội thảo huấn luyện,,,,,Chủ đề: Hội nghị & Công tác
hội chợ triển lãm thương mại,,,,,Chủ đề: Hội nghị & Công tác
đệ trình bản kế hoạch,,,,,Chủ đề: Hội nghị & Công tác
"niên khóa, phiên họp",,,,,Chủ đề: Hội nghị & Công tác
giảm giá đặc biệt,,,,,Chủ đề: Sản phẩm
bản kê khai hàng hóa,,,,,Chủ đề: Sản phẩm
hết hàng trong kho,,,,,Chủ đề: Sản phẩm
"trả lại tiền, sự bồi hoàn",,,,,Chủ đề: Sản phẩm
nhà sản xuất,,,,,Chủ đề: Sản phẩm
kho hàng,,,,,Chủ đề: Sản phẩm
kho hàng,,,,,Chủ đề: Sản phẩm
tung ra (sản phẩm),,,,,Chủ đề: Sản phẩm
tung ra (sản phẩm),,,,,Chủ đề: Sản phẩm
chi tiết (sản phẩm),,,,,Chủ đề: Sản phẩm
bảng báo giá,,,,,Chủ đề: Sản phẩm
xúc tiến,,,,,Chủ đề: Sản phẩm
khuyết điểm,,,,,Chủ đề: Sản phẩm
giấy bảo hành,,,,,Chủ đề: Sản phẩm
hoàn lại một phần tiền (sau khi đã mua sản phẩm),,,,,Chủ đề: Sản phẩm
phân phối,,,,,Chủ đề: Sản phẩm
nhà cung cấp,,,,,Chủ đề: Sản phẩm
loại treo tường,,,,,Chủ đề: Sản phẩm
mua hàng số lượng lớn,,,,,Chủ đề: Sản phẩm
hoan nghênh diễn giả,,,,,Chủ đề: Nơi làm việc
bìa tài liệu,,,,,Chủ đề: Nơi làm việc
nhìn vào kính hiển vi,,,,,Chủ đề: Nơi làm việc
nắp đậy máy,,,,,Chủ đề: Nơi làm việc
nói qua micro,,,,,Chủ đề: Nơi làm việc
sao chép lại,,,,,Chủ đề: Nơi làm việc
điều chỉnh thiết bị,,,,,Chủ đề: Nơi làm việc
đeo kính bảo hộ,,,,,Chủ đề: Nơi làm việc
cửa ra vào,,,,,Chủ đề: Nơi làm việc
đọc kỹ bản báo cáo,,,,,Chủ đề: Nơi làm việc
nhìn chăm chú vào màn hình,,,,,Chủ đề: Nơi làm việc
ngồi ở phòng làm việc,,,,,Chủ đề: Nơi làm việc
sắp xếp tài liệu,,,,,Chủ đề: Nơi làm việc
với tới quả đấm cửa,,,,,Chủ đề: Nơi làm việc
giữ ống nghe sát tai,,,,,Chủ đề: Nơi làm việc
lay động trong gió,,,,,Chủ đề: Nơi làm việc
nghỉ ngoài trời,,,,,Chủ đề: Nơi làm việc
trải dài đến bên kia đồi,,,,,Chủ đề: Nơi làm việc
lộn ngược,,,,,Chủ đề: Nơi làm việc
được đặt vào,,,,,Chủ đề: Nơi làm việc
bước theo lối đi có mái vòm,,,,,Chủ đề: Nơi làm việc
thưởng thức các tác phẩm điêu khắc,,,,,Chủ đề: Nơi làm việc
đỉnh đồi,,,,,Chủ đề: Nơi làm việc
ngồi thẳng hàng,,,,,Chủ đề: Nơi làm việc
tưới nước cho cây,,,,,Chủ đề: Nơi làm việc
ngồi bắt chéo chân,,,,,Chủ đề: Nơi làm việc
xịt nước vào không khí,,,,,Chủ đề: Nơi làm việc
khu vực phủ đầy cỏ,,,,,Chủ đề: Nơi làm việc
cầm cần câu,,,,,Chủ đề: Nơi làm việc
chèo thuyền,,,,,Chủ đề: Nơi làm việc
ở hướng ngược lại,,,,,Chủ đề: Nơi làm việc
phản chiếu qua mặt nước,,,,,Chủ đề: Nơi làm việc
nhân viên tập sự,,,,,Chủ đề: Nhân sự
sự thuyên chuyển,,,,,Chủ đề: Nhân sự
thiếu nhân viên,,,,,Chủ đề: Nhân sự
giám sát viên,,,,,Chủ đề: Nhân sự
ông chủ,,,,,Chủ đề: Nhân sự
nhân viên bán hàng,,,,,Chủ đề: Nhân sự
nhân viên kỹ thuật,,,,,Chủ đề: Nhân sự
nhân viên an ninh,,,,,Chủ đề: Nhân sự
trợ lý giám đốc,,,,,Chủ đề: Nhân sự
nhân viên bán hàng,,,,,Chủ đề: Nhân sự
nhân sự,,,,,Chủ đề: Nhân sự
nhân viên bán hàng,,,,,Chủ đề: Nhân sự
"ban, nhóm, đội (công tác)",,,,,Chủ đề: Nhân sự
đồng nghiệp,,,,,Chủ đề: Nhân sự
đồng nghiệp,,,,,Chủ đề: Nhân sự
thợ sửa ống nước,,,,,Chủ đề: Nhân sự
nhân viên tiếp tân,,,,,Chủ đề: Nhân sự
thợ sửa xe hơi,,,,,Chủ đề: Nhân sự
điền đơn xin việc,,,,,Chủ đề: Phỏng vấn
thư xin việc,,,,,Chủ đề: Phỏng vấn
"người dự tuyển, ứng viên",,,,,Chủ đề: Phỏng vấn
trình độ chuyên môn,,,,,Chủ đề: Phỏng vấn
"bằng cấp, giấy chứng nhận",,,,,Chủ đề: Phỏng vấn
chính sách công ty,,,,,Chủ đề: Phỏng vấn
có quyền (làm gì),,,,,Chủ đề: Phỏng vấn
người thay thế,,,,,Chủ đề: Phỏng vấn
lương hàng năm,,,,,Chủ đề: Phỏng vấn
chỗ trống,,,,,Chủ đề: Phỏng vấn
nơi làm việc,,,,,Chủ đề: Phỏng vấn
điều kiện làm việc,,,,,Chủ đề: Phỏng vấn
bàn lễ tân,,,,,Chủ đề: Phỏng vấn
điều kiện tối thiểu,,,,,Chủ đề: Phỏng vấn
tuyển chọn ứng viên,,,,,Chủ đề: Phỏng vấn
nổi trên mặt nước,,,,,Chủ đề: Giao thông & Xây dựng
người đi bộ,,,,,Chủ đề: Giao thông & Xây dựng
bị nhét đầy bởi,,,,,Chủ đề: Giao thông & Xây dựng
đậu xe trên mặt đất,,,,,Chủ đề: Giao thông & Xây dựng
xếp thẳng hàng,,,,,Chủ đề: Giao thông & Xây dựng
chắn đường,,,,,Chủ đề: Giao thông & Xây dựng
trên boong tàu,,,,,Chủ đề: Giao thông & Xây dựng
ở phía sau xe tải,,,,,Chủ đề: Giao thông & Xây dựng
đổ xăng vào xe hơi,,,,,Chủ đề: Giao thông & Xây dựng
cột đèn,,,,,Chủ đề: Giao thông & Xây dựng
đường ray xe lửa,,,,,Chủ đề: Giao thông & Xây dựng
bị kéo đi,,,,,Chủ đề: Giao thông & Xây dựng
trống chỗ,,,,,Chủ đề: Giao thông & Xây dựng
bị cột lại ở bến tàu,,,,,Chủ đề: Giao thông & Xây dựng
lên xe,,,,,Chủ đề: Giao thông & Xây dựng
gần thềm ga,,,,,Chủ đề: Giao thông & Xây dựng
bến tàu,,,,,Chủ đề: Giao thông & Xây dựng
lề đường,,,,,Chủ đề: Giao thông & Xây dựng
"đường, lối đi",,,,,Chủ đề: Giao thông & Xây dựng
quét dọn,,,,,Chủ đề: Giao thông & Xây dựng
trèo lên thang,,,,,Chủ đề: Giao thông & Xây dựng
được sửa chữa (tòa nhà),,,,,Chủ đề: Giao thông & Xây dựng
quỳ trong vườn,,,,,Chủ đề: Giao thông & Xây dựng
đẩy xe cút kít,,,,,Chủ đề: Giao thông & Xây dựng
điều khiển máy móc hạng nặng,,,,,Chủ đề: Giao thông & Xây dựng
hút bụi sàn nhà,,,,,Chủ đề: Giao thông & Xây dựng
dẫn đến,,,,,Chủ đề: Giao thông & Xây dựng
thay bóng đèn,,,,,Chủ đề: Giao thông & Xây dựng
hàng rào,,,,,Chủ đề: Giao thông & Xây dựng
"lan can, rào chắn",,,,,Chủ đề: Giao thông & Xây dựng
cầu thang,,,,,Chủ đề: Giao thông & Xây dựng
công trường xây dựng,,,,,Chủ đề: Giao thông & Xây dựng
cầm cái xẻng,,,,,Chủ đề: Giao thông & Xây dựng
treo trên tường,,,,,Chủ đề: Giao thông & Xây dựng
đào đất,,,,,Chủ đề: Giao thông & Xây dựng
đội nón bảo hiểm,,,,,Chủ đề: Giao thông & Xây dựng
lót đường,,,,,Chủ đề: Giao thông & Xây dựng
gạch,,,,,Chủ đề: Giao thông & Xây dựng
chở hộp,,,,,Chủ đề: Giao thông & Xây dựng
quà lưu niệm,,,,,Chủ đề: Mua sắm & Ẩm thực
Được sắp xếp,,,,,Chủ đề: Mua sắm & Ẩm thực
Được chất đống,,,,,Chủ đề: Mua sắm & Ẩm thực
Được xếp thành hàng,,,,,Chủ đề: Mua sắm & Ẩm thực
Được trưng bày,,,,,Chủ đề: Mua sắm & Ẩm thực
nhìn quanh trong cửa hàng,,,,,Chủ đề: Mua sắm & Ẩm thực
so sánh giá cả,,,,,Chủ đề: Mua sắm & Ẩm thực
chọn lựa từ,,,,,Chủ đề: Mua sắm & Ẩm thực
ở hai bên lối đi,,,,,Chủ đề: Mua sắm & Ẩm thực
Được treo lên giá,,,,,Chủ đề: Mua sắm & Ẩm thực
Được trưng bày để bán,,,,,Chủ đề: Mua sắm & Ẩm thực
treo bảng giảm giá,,,,,Chủ đề: Mua sắm & Ẩm thực
Được dự trữ (mặt hàng),,,,,Chủ đề: Mua sắm & Ẩm thực
máy tính tiền,,,,,Chủ đề: Mua sắm & Ẩm thực
với tay lấy hàng,,,,,Chủ đề: Mua sắm & Ẩm thực
chồng túi xách,,,,,Chủ đề: Mua sắm & Ẩm thực
trên kệ,,,,,Chủ đề: Mua sắm & Ẩm thực
đẩy xe mua hàng,,,,,Chủ đề: Mua sắm & Ẩm thực
đầu bếp,,,,,Chủ đề: Mua sắm & Ẩm thực
chồng đĩa,,,,,Chủ đề: Mua sắm & Ẩm thực
ăn ở bên ngoài,,,,,Chủ đề: Mua sắm & Ẩm thực
để tiền boa,,,,,Chủ đề: Mua sắm & Ẩm thực
rót nước vào ly,,,,,Chủ đề: Mua sắm & Ẩm thực
gọi bồi bàn,,,,,Chủ đề: Mua sắm & Ẩm thực
xem thực đơn,,,,,Chủ đề: Mua sắm & Ẩm thực
được trải khăn trải bàn,,,,,Chủ đề: Mua sắm & Ẩm thực
bàn ăn bừa bộn,,,,,Chủ đề: Mua sắm & Ẩm thực
"có người ngồi, đặt chỗ trước",,,,,Chủ đề: Mua sắm & Ẩm thực
tự phục vụ bữa ăn nhẹ,,,,,Chủ đề: Mua sắm & Ẩm thực
đông nghịt khách,,,,,Chủ đề: Mua sắm & Ẩm thực
dẹp đi những ổ bánh mì,,,,,Chủ đề: Mua sắm & Ẩm thực
ngồi trên ghế không có băng tựa,,,,,Chủ đề: Mua sắm & Ẩm thực
nhận đơn đặt hàng,,,,,Chủ đề: Mua sắm & Ẩm thực
ngồi trên hành lang ngoài trời,,,,,Chủ đề: Mua sắm & Ẩm thực
"phục vụ, tiếp thức ăn đứng bàn",,,,,Chủ đề: Mua sắm & Ẩm thực
Dân số già hóa,,,,,Collocations: Dân số
Tăng trưởng cân bằng,,,,,Collocations: Dân số
Tỷ suất sinh,,,,,Collocations: Dân số
Chảy máu chất xám,,,,,Collocations: Dân số
Sức chứa/khả năng chịu tải của môi trường,,,,,Collocations: Dân số
Tỷ lệ sử dụng biện pháp tránh thai,,,,,Collocations: Dân số
Tỷ suất sinh thô,,,,,Collocations: Dân số
Tỷ suất tử vong thô,,,,,Collocations: Dân số
Lợi tức dân số,,,,,Collocations: Dân số
Chuyển tiếp nhân khẩu học,,,,,Collocations: Dân số
Tỷ lệ phụ thuộc,,,,,Collocations: Dân số
Kế hoạch hóa gia đình,,,,,Collocations: Dân số
Tỷ suất sinh sản,,,,,Collocations: Dân số
Mất an ninh lương thực,,,,,Collocations: Dân số
Quy mô hộ gia đình,,,,,Collocations: Dân số
Thiếu nhà ở,,,,,Collocations: Dân số
Tỷ lệ tử vong trẻ sơ sinh,,,,,Collocations: Dân số
Nhu cầu gia tăng,,,,,Collocations: Dân số
Tuổi thọ trung bình,,,,,Collocations: Dân số
Tỷ số tử vong mẹ,,,,,Collocations: Dân số
Độ tuổi trung vị,,,,,Collocations: Dân số
Mô hình/kiểu di cư,,,,,Collocations: Dân số
Tỷ suất tử vong,,,,,Collocations: Dân số
Tăng tự nhiên,,,,,Collocations: Dân số
Tỷ lệ di cư ròng,,,,,Collocations: Dân số
Quá tải dân số,,,,,Collocations: Dân số
Bùng nổ dân số,,,,,Collocations: Dân số
Mật độ dân số,,,,,Collocations: Dân số
Tốc độ tăng dân số,,,,,Collocations: Dân số
Quán tính dân số,,,,,Collocations: Dân số
Dự báo dân số,,,,,Collocations: Dân số
Tháp dân số,,,,,Collocations: Dân số
Mức sinh thay thế,,,,,Collocations: Dân số
Sức khỏe sinh sản,,,,,Collocations: Dân số
Di cư nông thôn lên đô thị,,,,,Collocations: Dân số
Tỷ số giới tính khi sinh,,,,,Collocations: Dân số
Áp lực lên tài nguyên,,,,,Collocations: Dân số
Tỷ lệ đô thị hóa,,,,,Collocations: Dân số
Phình to dân số trẻ,,,,,Collocations: Dân số
sự cùng tồn tại,,,,,Từ vựng: Trí tuệ nhân tạo
trí tuệ nhân tạo,,,,,Từ vựng: Trí tuệ nhân tạo
"kiểm soát, giám sát (theo nghĩa ẩn dụ, không chỉ là cảnh sát)",,,,,Từ vựng: Trí tuệ nhân tạo
"kỳ tích, thành tựu đáng nể",,,,,Từ vựng: Trí tuệ nhân tạo
trí tuệ nhân tạo chuyên biệt,,,,,Từ vựng: Trí tuệ nhân tạo
"giải quyết, xử lý (vấn đề, nhiệm vụ...)",,,,,Từ vựng: Trí tuệ nhân tạo
có tính tạm thời,,,,,Từ vựng: Trí tuệ nhân tạo
"đáng kinh ngạc, xuất sắc, nổi bật",,,,,Từ vựng: Trí tuệ nhân tạo
"khó khăn, hạn chế",,,,,Từ vựng: Trí tuệ nhân tạo
"chiều, kích thước, khía cạnh",,,,,Từ vựng: Trí tuệ nhân tạo
có lợi nhuận,,,,,Từ vựng: Trí tuệ nhân tạo
"thảm hoạ, tai hoạ",,,,,Từ vựng: Trí tuệ nhân tạo
"thúc đẩy, tăng tốc",,,,,Từ vựng: Trí tuệ nhân tạo
"xác định rõ, chỉ rõ",,,,,Từ vựng: Trí tuệ nhân tạo
không tưởng,,,,,Từ vựng: Trí tuệ nhân tạo
"sự rõ ràng, sự thấu suốt",,,,,Từ vựng: Trí tuệ nhân tạo
"về mặt nhận thức, liên quan đến tư duy",,,,,Từ vựng: Trí tuệ nhân tạo
"bị giằng xé, có cảm xúc hoặc quan điểm mâu thuẫn",,,,,Từ vựng: Trí tuệ nhân tạo
"thuộc đạo đức, có tính đạo lý",,,,,Từ vựng: Trí tuệ nhân tạo
giới hạn sự lựa chọn,,,,,Từ vựng: Trí tuệ nhân tạo
"viển vông, khó tin",,,,,Từ vựng: Trí tuệ nhân tạo
"sự tham gia, đầu vào (ý kiến hoặc dữ liệu)",,,,,Từ vựng: Trí tuệ nhân tạo
"tài nguyên, nguồn lực",,,,,Từ vựng: Trí tuệ nhân tạo
"người suy nghĩ, người có tư duy (ở đây ám chỉ ""AI như những người biết suy nghĩ"")",,,,,Từ vựng: Trí tuệ nhân tạo
"khả năng, năng lực (đặc biệt là về trí tuệ hoặc đạo đức)",,,,,Từ vựng: Trí tuệ nhân tạo
lý luận đạo đức,,,,,Từ vựng: Trí tuệ nhân tạo
Xã hội coi trọng vật chất,,,,,Collocations: Chủ nghĩa tiêu dùng
Tiêu dùng đại trà,,,,,Collocations: Chủ nghĩa tiêu dùng
Văn hoá vứt bỏ,,,,,Collocations: Chủ nghĩa tiêu dùng
Mua sắm theo cảm hứng,,,,,Collocations: Chủ nghĩa tiêu dùng
Lòng trung thành với thương hiệu,,,,,Collocations: Chủ nghĩa tiêu dùng
Cuộc mua sắm điên cuồng,,,,,Collocations: Chủ nghĩa tiêu dùng
Kinh tế do người tiêu dùng thúc đẩy,,,,,Collocations: Chủ nghĩa tiêu dùng
Ảnh hưởng quảng cáo ngầm,,,,,Collocations: Chủ nghĩa tiêu dùng
Tiêu dùng quá mức,,,,,Collocations: Chủ nghĩa tiêu dùng
Chủ nghĩa tiêu dùng có đạo đức,,,,,Collocations: Chủ nghĩa tiêu dùng
Nhận thức của người tiêu dùng,,,,,Collocations: Chủ nghĩa tiêu dùng
Sự lỗi thời có chủ ý,,,,,Collocations: Chủ nghĩa tiêu dùng
Thời trang nhanh,,,,,Collocations: Chủ nghĩa tiêu dùng
Tiêu dùng bền vững,,,,,Collocations: Chủ nghĩa tiêu dùng
Hối hận sau khi mua sắm,,,,,Collocations: Chủ nghĩa tiêu dùng
Khách hàng nhạy cảm giá,,,,,Collocations: Chủ nghĩa tiêu dùng
Nghiện mua sắm,,,,,Collocations: Chủ nghĩa tiêu dùng
Quyền người tiêu dùng,,,,,Collocations: Chủ nghĩa tiêu dùng
Quảng cáo mang tính thao túng,,,,,Collocations: Chủ nghĩa tiêu dùng
Tư duy đề cao vật chất,,,,,Collocations: Chủ nghĩa tiêu dùng
Thêm vào giỏ hàng,,,,,Collocations: Chủ nghĩa tiêu dùng
Chiến dịch quảng cáo,,,,,Collocations: Chủ nghĩa tiêu dùng
Dịch vụ sau bán hàng,,,,,Collocations: Chủ nghĩa tiêu dùng
Yêu cầu hoàn tiền,,,,,Collocations: Chủ nghĩa tiêu dùng
Thu hút khách hàng,,,,,Collocations: Chủ nghĩa tiêu dùng
Săn hàng giá hời (săn sale),,,,,Collocations: Chủ nghĩa tiêu dùng
Mua số lượng lớn,,,,,Collocations: Chủ nghĩa tiêu dùng
Mua 1 tặng 1,,,,,Collocations: Chủ nghĩa tiêu dùng
"Xả hàng, thanh lý hàng tồn kho",,,,,Collocations: Chủ nghĩa tiêu dùng
Sự hài lòng của khách hàng,,,,,Collocations: Chủ nghĩa tiêu dùng
Mã giảm giá,,,,,Collocations: Chủ nghĩa tiêu dùng
Chính sách đổi hàng,,,,,Collocations: Chủ nghĩa tiêu dùng
Siêu giảm giá chớp nhoáng,,,,,Collocations: Chủ nghĩa tiêu dùng
Miễn phí vận chuyển,,,,,Collocations: Chủ nghĩa tiêu dùng
mua sắm thỏa thích,,,,,Collocations: Chủ nghĩa tiêu dùng
còn hàng,,,,,Collocations: Chủ nghĩa tiêu dùng
số lượng có hạn,,,,,Collocations: Chủ nghĩa tiêu dùng
ưu đãi có thời hạn,,,,,Collocations: Chủ nghĩa tiêu dùng
hàng xa xỉ,,,,,Collocations: Chủ nghĩa tiêu dùng
mua hàng sau khi tìm hiểu kỹ thông tin,,,,,Collocations: Chủ nghĩa tiêu dùng
sản xuất hàng loạt,,,,,Collocations: Chủ nghĩa tiêu dùng
xu hướng mua sắm trực tuyến,,,,,Collocations: Chủ nghĩa tiêu dùng
hết hàng,,,,,Collocations: Chủ nghĩa tiêu dùng
mặt hàng bị bán với giá quá cao,,,,,Collocations: Chủ nghĩa tiêu dùng
cam kết khớp giá,,,,,Collocations: Chủ nghĩa tiêu dùng
khoảng giá,,,,,Collocations: Chủ nghĩa tiêu dùng
nhãn giá,,,,,Collocations: Chủ nghĩa tiêu dùng
đánh giá sản phẩm,,,,,Collocations: Chủ nghĩa tiêu dùng
bảo hành sản phẩm,,,,,Collocations: Chủ nghĩa tiêu dùng
chính sách hoàn trả,,,,,Collocations: Chủ nghĩa tiêu dùng
giảm giá theo mùa,,,,,Collocations: Chủ nghĩa tiêu dùng
thanh toán an toàn,,,,,Collocations: Chủ nghĩa tiêu dùng
so sánh giá để có ưu đãi tốt nhất,,,,,Collocations: Chủ nghĩa tiêu dùng
văn hóa tiêu dùng rồi vứt bỏ,,,,,Collocations: Chủ nghĩa tiêu dùng
cố gắng cưỡng lại sự cám dỗ,,,,,Collocations: Chủ nghĩa tiêu dùng
ngắm đồ mà không mua,,,,,Collocations: Chủ nghĩa tiêu dùng
chương trình khách hàng thân thiết,,,,,Collocations: Chủ nghĩa tiêu dùng
Chiến lược áp dụng AI,,,,,Collocations: Trí tuệ nhân tạo
Gợi ý dựa trên AI,,,,,Collocations: Trí tuệ nhân tạo
Phân tích dữ liệu dựa trên AI,,,,,Collocations: Trí tuệ nhân tạo
Công cụ AI hỗ trợ,,,,,Collocations: Trí tuệ nhân tạo
Hệ thống được hỗ trợ bởi AI,,,,,Collocations: Trí tuệ nhân tạo
Nguyên tắc đạo đức AI,,,,,Collocations: Trí tuệ nhân tạo
Tối ưu hóa bằng AI,,,,,Collocations: Trí tuệ nhân tạo
Hệ thống AI hỗ trợ,,,,,Collocations: Trí tuệ nhân tạo
Công cụ được hỗ trợ bởi AI,,,,,Collocations: Trí tuệ nhân tạo
Dữ liệu huấn luyện AI,,,,,Collocations: Trí tuệ nhân tạo
Đại lý AI tự chủ,,,,,Collocations: Trí tuệ nhân tạo
Máy móc tự hành,,,,,Collocations: Trí tuệ nhân tạo
AI nhận thức,,,,,Collocations: Trí tuệ nhân tạo
Điện toán nhận thức,,,,,Collocations: Trí tuệ nhân tạo
Thị giác máy tính,,,,,Collocations: Trí tuệ nhân tạo
Vấn đề về quyền riêng tư dữ liệu,,,,,Collocations: Trí tuệ nhân tạo
Mạng học sâu,,,,,Collocations: Trí tuệ nhân tạo
Trợ lý số,,,,,Collocations: Trí tuệ nhân tạo
Nhận diện cảm xúc,,,,,Collocations: Trí tuệ nhân tạo
Mối lo ngại đạo đức,,,,,Collocations: Trí tuệ nhân tạo
Tạo ra dự đoán,,,,,Collocations: Trí tuệ nhân tạo
Hợp tác giữa con người và AI,,,,,Collocations: Trí tuệ nhân tạo
Cải thiện độ chính xác,,,,,Collocations: Trí tuệ nhân tạo
An ninh thông tin,,,,,Collocations: Trí tuệ nhân tạo
Mối đe dọa đến sự ổn định nghề nghiệp,,,,,Collocations: Trí tuệ nhân tạo
Mất đi sự tương tác con người,,,,,Collocations: Trí tuệ nhân tạo
Mô hình học máy,,,,,Collocations: Trí tuệ nhân tạo
Thao túng dư luận,,,,,Collocations: Trí tuệ nhân tạo
Xử lý ngôn ngữ tự nhiên,,,,,Collocations: Trí tuệ nhân tạo
Phân tích dự đoán,,,,,Collocations: Trí tuệ nhân tạo
Mô hình dự đoán,,,,,Collocations: Trí tuệ nhân tạo
Phân tích thời gian thực,,,,,Collocations: Trí tuệ nhân tạo
Giảm sai sót,,,,,Collocations: Trí tuệ nhân tạo
Công nghệ robot,,,,,Collocations: Trí tuệ nhân tạo
Mô phỏng hành vi,,,,,Collocations: Trí tuệ nhân tạo
Nhận diện giọng nói,,,,,Collocations: Trí tuệ nhân tạo
Tinh gọn hoạt động,,,,,Collocations: Trí tuệ nhân tạo
Học có giám sát,,,,,Collocations: Trí tuệ nhân tạo
Học không giám sát,,,,,Collocations: Trí tuệ nhân tạo
Nhận diện giọng nói,,,,,Collocations: Trí tuệ nhân tạo
Lễ cưới,,,,,Collocations: Hôn nhân & Gia đình
Thành vợ chồng,,,,,Collocations: Hôn nhân & Gia đình
Tiệc cưới hoành tráng,,,,,Collocations: Hôn nhân & Gia đình
Trang mới trong cuộc sống,,,,,Collocations: Hôn nhân & Gia đình
Gia đình ruột thịt,,,,,Collocations: Hôn nhân & Gia đình
Vợ/chồng,,,,,Collocations: Hôn nhân & Gia đình
Tiêu xài hoang phí,,,,,Collocations: Hôn nhân & Gia đình
Ngày trọng đại,,,,,Collocations: Hôn nhân & Gia đình
Gắn bó trọn đời,,,,,Collocations: Hôn nhân & Gia đình
Hôn nhân bị sắp đặt,,,,,Collocations: Hôn nhân & Gia đình
Những thăng trầm trong hôn nhân,,,,,Collocations: Hôn nhân & Gia đình
Ly hôn,,,,,Collocations: Hôn nhân & Gia đình
Gia đình gắn kết,,,,,Collocations: Hôn nhân & Gia đình
Thời gian quý báu,,,,,Collocations: Hôn nhân & Gia đình
Vai trò đặc biệt quan trọng,,,,,Collocations: Hôn nhân & Gia đình
Ấm áp (tính cách),,,,,Collocations: Hôn nhân & Gia đình
Gia đình hạt nhân,,,,,Collocations: Hôn nhân & Gia đình
Lạc quan,,,,,Collocations: Hôn nhân & Gia đình
Công dân có trách nhiệm,,,,,Collocations: Hôn nhân & Gia đình
Sự quyết tâm,,,,,Collocations: Hôn nhân & Gia đình
Ý chí mạnh mẽ,,,,,Collocations: Hôn nhân & Gia đình
Sự vô sinh,,,,,Collocations: Hôn nhân & Gia đình
Sức khỏe sinh sản,,,,,Collocations: Hôn nhân & Gia đình
Bạo lực gia đình,,,,,Collocations: Hôn nhân & Gia đình
Lời nói làm người khác bị tổn thương,,,,,Collocations: Hôn nhân & Gia đình
Phương tiện giao thông,,,,,Collocations: Giao thông & Du lịch
Chiếm phần lớn,,,,,Collocations: Giao thông & Du lịch
Tắc đường,,,,,Collocations: Giao thông & Du lịch
Đi chầm chậm về phía trước,,,,,Collocations: Giao thông & Du lịch
Chuyến đi bằng tàu MRT,,,,,Collocations: Giao thông & Du lịch
Thực hiện chuyến đi,,,,,Collocations: Giao thông & Du lịch
Phí thuê xe ô tô,,,,,Collocations: Giao thông & Du lịch
Lên (tàu/xe),,,,,Collocations: Giao thông & Du lịch
Lấp đầy,,,,,Collocations: Giao thông & Du lịch
Đông người,,,,,Collocations: Giao thông & Du lịch
Giờ cao điểm,,,,,Collocations: Giao thông & Du lịch
Xe buýt mini chạy điện,,,,,Collocations: Giao thông & Du lịch
Hình thức đi chung xe,,,,,Collocations: Giao thông & Du lịch
Sự yên bình,,,,,Collocations: Giao thông & Du lịch
Cuộc sống xô bồ,,,,,Collocations: Giao thông & Du lịch
Nạp lại năng lượng,,,,,Collocations: Giao thông & Du lịch
Thành phố đáng sống,,,,,Collocations: Giao thông & Du lịch
Ẩm thực địa phương,,,,,Collocations: Giao thông & Du lịch
Địa điểm thu hút khách du lịch,,,,,Collocations: Giao thông & Du lịch
Đẹp đến nghẹt thở,,,,,Collocations: Giao thông & Du lịch
Cầu đi bộ trên cao,,,,,Collocations: Giao thông & Du lịch
Thành phố biển,,,,,Collocations: Giao thông & Du lịch
Tuyệt hảo,,,,,Collocations: Giao thông & Du lịch
Đặc sản địa phương,,,,,Collocations: Giao thông & Du lịch
Sẽ thật phí (nếu không),,,,,Collocations: Giao thông & Du lịch
Một sự kiện rất vui vẻ,,,,,Collocations: Giao thông & Du lịch
Chi phí phát sinh,,,,,Collocations: Giao thông & Du lịch
Tiết kiệm chi phí,,,,,Collocations: Giao thông & Du lịch
Mua đồ tạp hoá,,,,,Từ vựng: Tiền bạc & Mua sắm
Chợ hàng thùng,,,,,Từ vựng: Tiền bạc & Mua sắm
Mua được đồ giá rẻ,,,,,Từ vựng: Tiền bạc & Mua sắm
Không mất nhiều tiền,,,,,Từ vựng: Tiền bạc & Mua sắm
Gần,,,,,Từ vựng: Tiền bạc & Mua sắm
Sự khéo léo,,,,,Từ vựng: Tiền bạc & Mua sắm
Sản xuất hàng loạt,,,,,Từ vựng: Tiền bạc & Mua sắm
Đến cửa hàng,,,,,Từ vựng: Tiền bạc & Mua sắm
Tự thưởng cho bản thân,,,,,Từ vựng: Tiền bạc & Mua sắm
Cửa hàng riêng lẻ,,,,,Từ vựng: Tiền bạc & Mua sắm
Cửa hàng thật,,,,,Từ vựng: Tiền bạc & Mua sắm
Khoản tiết kiệm,,,,,Từ vựng: Tiền bạc & Mua sắm
Tiền đặt cọc,,,,,Từ vựng: Tiền bạc & Mua sắm
Dịch vụ chăm sóc sức khỏe,,,,,Từ vựng: Tiền bạc & Mua sắm
Tiêu quá số tiền đang có,,,,,Từ vựng: Tiền bạc & Mua sắm
Ngày được trả lương,,,,,Từ vựng: Tiền bạc & Mua sắm
Lợn tiết kiệm,,,,,Từ vựng: Tiền bạc & Mua sắm
Đặt mục tiêu tiết kiệm,,,,,Từ vựng: Tiền bạc & Mua sắm
Rút tiền,,,,,Từ vựng: Tiền bạc & Mua sắm
Quyết định tài chính,,,,,Từ vựng: Tiền bạc & Mua sắm
Đầu tư thông minh,,,,,Từ vựng: Tiền bạc & Mua sắm
Cân bằng chi tiêu,,,,,Từ vựng: Tiền bạc & Mua sắm
Cắt giảm,,,,,Từ vựng: Tiền bạc & Mua sắm
Dành dụm,,,,,Từ vựng: Tiền bạc & Mua sắm
Giao dịch,,,,,Từ vựng: Tiền bạc & Mua sắm
Kiếm sống,,,,,Từ vựng: Tiền bạc & Mua sắm
Dành dụm tiền cho lúc khó khăn,,,,,Từ vựng: Tiền bạc & Mua sắm
Làn gió nhẹ,,,,,Từ vựng: Thiên nhiên & Thời tiết
Độ ẩm,,,,,Từ vựng: Thiên nhiên & Thời tiết
Hiếm,,,,,Từ vựng: Thiên nhiên & Thời tiết
Bông tuyết,,,,,Từ vựng: Thiên nhiên & Thời tiết
Người tuyết,,,,,Từ vựng: Thiên nhiên & Thời tiết
Thời tiết rất lạnh,,,,,Từ vựng: Thiên nhiên & Thời tiết
Hiện tượng tự nhiên,,,,,Từ vựng: Thiên nhiên & Thời tiết
Run lên vì lạnh,,,,,Từ vựng: Thiên nhiên & Thời tiết
Không khí,,,,,Từ vựng: Thiên nhiên & Thời tiết
Nắng nóng gay gắt,,,,,Từ vựng: Thiên nhiên & Thời tiết
Mưa rất to,,,,,Từ vựng: Thiên nhiên & Thời tiết
Trời lạnh thấu xương,,,,,Từ vựng: Thiên nhiên & Thời tiết
Thiên tai,,,,,Từ vựng: Thiên nhiên & Thời tiết
Điều kiện thời tiết cực đoan,,,,,Từ vựng: Thiên nhiên & Thời tiết
Tài sản,,,,,Từ vựng: Thiên nhiên & Thời tiết
Bị ngập lụt,,,,,Từ vựng: Thiên nhiên & Thời tiết
Lượng mưa,,,,,Từ vựng: Thiên nhiên & Thời tiết
Cao kỷ lục,,,,,Từ vựng: Thiên nhiên & Thời tiết
Thống kê,,,,,Từ vựng: Thiên nhiên & Thời tiết
Thông báo khẩn cấp,,,,,Từ vựng: Thiên nhiên & Thời tiết
Mưa xối xả,,,,,Từ vựng: Thiên nhiên & Thời tiết
Xáo trộn,,,,,Từ vựng: Thiên nhiên & Thời tiết
Tỷ lệ tử vong,,,,,Từ vựng: Thiên nhiên & Thời tiết
Dịch bệnh nguy hiểm,,,,,Từ vựng: Thiên nhiên & Thời tiết
Nỗ lực chung,,,,,Từ vựng: Thiên nhiên & Thời tiết
Sự nóng lên toàn cầu,,,,,Từ vựng: Thiên nhiên & Thời tiết
Phá rừng,,,,,Từ vựng: Thiên nhiên & Thời tiết
Sự suy giảm tầng ô-zôn,,,,,Từ vựng: Thiên nhiên & Thời tiết
= to bring up: Nuôi dạy trẻ,,,,,Giao tiếp: Gia đình
Tuổi thơ,,,,,Giao tiếp: Gia đình
Thanh thiếu niên,,,,,Giao tiếp: Gia đình
Trốn học,,,,,Giao tiếp: Gia đình
Tội phạm vị thành niên,,,,,Giao tiếp: Gia đình
Thờ ơ,,,,,Giao tiếp: Gia đình
Gia đình hạt nhân,,,,,Giao tiếp: Gia đình
Hòa thuận,,,,,Giao tiếp: Gia đình
Họ hàng,,,,,Giao tiếp: Gia đình
Bố mẹ vợ/chồng,,,,,Giao tiếp: Gia đình
Ngày trọng đại,,,,,Giao tiếp: Gia đình
Bố mẹ kế,,,,,Giao tiếp: Gia đình
Gia đình có cha hoặc mẹ kế,,,,,Giao tiếp: Gia đình
Anh chị em,,,,,Giao tiếp: Gia đình
Cho phép,,,,,Giao tiếp: Gia đình
Thời gian chất lượng,,,,,Giao tiếp: Gia đình
Có nét giống ai đó,,,,,Giao tiếp: Gia đình
Quá bảo bọc,,,,,Giao tiếp: Gia đình
Nghiêm khắc,,,,,Giao tiếp: Gia đình
Cấm túc,,,,,Giao tiếp: Gia đình
Gia đình nuôi dưỡng,,,,,Giao tiếp: Gia đình
= funfair : công viên giải trí,,,,,Giao tiếp: Giải trí & Du lịch
Máy đánh bạc,,,,,Giao tiếp: Giải trí & Du lịch
Tàu lượn siêu tốc,,,,,Giao tiếp: Giải trí & Du lịch
Bắt đầu (1 thói quen),,,,,Giao tiếp: Giải trí & Du lịch
Tự làm,,,,,Giao tiếp: Giải trí & Du lịch
Làm gốm,,,,,Giao tiếp: Giải trí & Du lịch
Đan len,,,,,Giao tiếp: Giải trí & Du lịch
Cắt cỏ,,,,,Giao tiếp: Giải trí & Du lịch
Bụi cây,,,,,Giao tiếp: Giải trí & Du lịch
= situation comedy : hài kịch tình huống,,,,,Giao tiếp: Giải trí & Du lịch
Đánh giá,,,,,Giao tiếp: Giải trí & Du lịch
= moviegoer : người mê phim,,,,,Giao tiếp: Giải trí & Du lịch
Dân thành thị,,,,,Giao tiếp: Giải trí & Du lịch
Đi bộ đường dài,,,,,Giao tiếp: Giải trí & Du lịch
= landscape : phong cảnh,,,,,Giao tiếp: Giải trí & Du lịch
= ambiance : bầu không khí,,,,,Giao tiếp: Giải trí & Du lịch
Tổng số,,,,,Viết học thuật: Biểu đồ cột
Tổng số chung,,,,,Viết học thuật: Biểu đồ cột
Tổng cộng; lên tới,,,,,Viết học thuật: Biểu đồ cột
Tổng cộng,,,,,Viết học thuật: Biểu đồ cột
Một con số,,,,,Viết học thuật: Biểu đồ cột
Một con số,,,,,Viết học thuật: Biểu đồ cột
Đạt mức,,,,,Viết học thuật: Biểu đồ cột
Đạt tới,,,,,Viết học thuật: Biểu đồ cột
Tỉ lệ phần trăm,,,,,Viết học thuật: Biểu đồ cột
Tỉ lệ,,,,,Viết học thuật: Biểu đồ cột
Chiếm ; bao gồm,,,,,Viết học thuật: Biểu đồ cột
Chiếm,,,,,Viết học thuật: Biểu đồ cột
Chiếm,,,,,Viết học thuật: Biểu đồ cột
Sự tăng,,,,,Viết học thuật: Biểu đồ cột
Sự tăng,,,,,Viết học thuật: Biểu đồ cột
Tăng,,,,,Viết học thuật: Biểu đồ cột
Tăng,,,,,Viết học thuật: Biểu đồ cột
Tăng lên,,,,,Viết học thuật: Biểu đồ cột
Sự giảm,,,,,Viết học thuật: Biểu đồ cột
Sự giảm,,,,,Viết học thuật: Biểu đồ cột
Giảm,,,,,Viết học thuật: Biểu đồ cột
Giảm; suy giảm,,,,,Viết học thuật: Biểu đồ cột
Giảm,,,,,Viết học thuật: Biểu đồ cột
Sự ổn định,,,,,Viết học thuật: Biểu đồ cột
Giữ nguyên,,,,,Viết học thuật: Biểu đồ cột
Duy trì,,,,,Viết học thuật: Biểu đồ cột
Đỉnh điểm cao nhất,,,,,Viết học thuật: Biểu đồ cột
Đáy; mức thấp nhất,,,,,Viết học thuật: Biểu đồ cột
Đạt đỉnh tại,,,,,Viết học thuật: Biểu đồ cột
Chạm mức thấp nhất,,,,,Viết học thuật: Biểu đồ cột
Chạm mức cao nhất,,,,,Viết học thuật: Biểu đồ cột
Mức trung bình,,,,,Viết học thuật: Biểu đồ cột
Giá trị trung bình,,,,,Viết học thuật: Biểu đồ cột
Trung bình,,,,,Viết học thuật: Biểu đồ cột
Trung bình,,,,,Viết học thuật: Biểu đồ cột
Sự tăng trưởng,,,,,Viết học thuật: Biểu đồ cột
Leo; tăng dần,,,,,Viết học thuật: Biểu đồ cột
Xu hướng tăng,,,,,Viết học thuật: Biểu đồ cột
Sự cải thiện,,,,,Viết học thuật: Biểu đồ cột
Tăng vọt,,,,,Viết học thuật: Biểu đồ cột
Nhảy vọt,,,,,Viết học thuật: Biểu đồ cột
Rơi; giảm,,,,,Viết học thuật: Biểu đồ cột
Sự giảm bớt,,,,,Viết học thuật: Biểu đồ cột
Sự sụp đổ,,,,,Viết học thuật: Biểu đồ cột
Sụp đổ,,,,,Viết học thuật: Biểu đồ cột
Sụt giảm nhẹ,,,,,Viết học thuật: Biểu đồ cột
Sự ổn định,,,,,Viết học thuật: Biểu đồ cột
Trạng thái giữ nguyên;nền ổn định,,,,,Viết học thuật: Biểu đồ cột
Tĩnh; không thay đổi,,,,,Viết học thuật: Biểu đồ cột
Sự biến động,,,,,Viết học thuật: Biểu đồ cột
Sự thay đổi,,,,,Viết học thuật: Biểu đồ cột
Đỉnh cao,,,,,Viết học thuật: Biểu đồ cột
Điểm cao nhất,,,,,Viết học thuật: Biểu đồ cột
Điểm thấp nhất,,,,,Viết học thuật: Biểu đồ cột
Tăng cường,,,,,Giao tiếp: Sức khỏe
Dễ tổn thương,,,,,Giao tiếp: Sức khỏe
Dễ mắc; dễ nhiễm bệnh,,,,,Giao tiếp: Sức khỏe
Lối sống ít vận động,,,,,Giao tiếp: Sức khỏe
Giảm bớt,,,,,Giao tiếp: Sức khỏe
Dịch vụ y tế quốc gia (Anh),,,,,Giao tiếp: Sức khỏe
Suy nhược thần kinh,,,,,Giao tiếp: Sức khỏe
Y học thay thế,,,,,Giao tiếp: Sức khỏe
Phẫu thuật thẩm mỹ,,,,,Giao tiếp: Sức khỏe
Nghỉ ốm,,,,,Giao tiếp: Sức khỏe
Cảm lạnh,,,,,Giao tiếp: Sức khỏe
= influenza : bệnh cúm,,,,,Giao tiếp: Sức khỏe
Viêm phổi,,,,,Giao tiếp: Sức khỏe
Ung thư,,,,,Giao tiếp: Sức khỏe
Bệnh ở trẻ,,,,,Giao tiếp: Sức khỏe
Báo lá cải,,,,,Giao tiếp: Truyền thông
Tin thất thiệt; vu khống,,,,,Giao tiếp: Truyền thông
Báo chính thống,,,,,Giao tiếp: Truyền thông
Kiểm duyệt,,,,,Giao tiếp: Truyền thông
Phát sóng,,,,,Giao tiếp: Truyền thông
Dự báo,,,,,Giao tiếp: Truyền thông
Phủ sóng; đưa tin,,,,,Giao tiếp: Truyền thông
Truyền hình trực tiếp,,,,,Giao tiếp: Truyền thông
= clicker : điều khiển TV,,,,,Giao tiếp: Truyền thông
Khung giờ vàng,,,,,Giao tiếp: Truyền thông
pronunciation,,,,,Viết học thuật: Biểu đồ đường
Đang tăng,,,,,Viết học thuật: Biểu đồ đường
Đang tăng,,,,,Viết học thuật: Biểu đồ đường
Đang tăng,,,,,Viết học thuật: Biểu đồ đường
Đang tăng trưởng,,,,,Viết học thuật: Biểu đồ đường
Ổn định; đều đặn,,,,,Viết học thuật: Biểu đồ đường
Dần dần,,,,,Viết học thuật: Biểu đồ đường
Nhanh chóng; mạnh,,,,,Viết học thuật: Biểu đồ đường
Nhanh chóng,,,,,Viết học thuật: Biểu đồ đường
Đang giảm,,,,,Viết học thuật: Biểu đồ đường
Đang giảm,,,,,Viết học thuật: Biểu đồ đường
Đang giảm,,,,,Viết học thuật: Biểu đồ đường
Đang suy giảm,,,,,Viết học thuật: Biểu đồ đường
Nhanh chóng; dốc,,,,,Viết học thuật: Biểu đồ đường
Nhẹ; hơi,,,,,Viết học thuật: Biểu đồ đường
Đáng kể,,,,,Viết học thuật: Biểu đồ đường
Đáng kể; quan trọng,,,,,Viết học thuật: Biểu đồ đường
noun,,,,,Viết học thuật: Biểu đồ đường
= construct ; erect : xây dựng,,,,,Viết học thuật: Mô tả Bản đồ
= build : xây dựng,,,,,Viết học thuật: Mô tả Bản đồ
Dựng lên,,,,,Viết học thuật: Mô tả Bản đồ
Phá hủy,,,,,Viết học thuật: Mô tả Bản đồ
Phá hủy,,,,,Viết học thuật: Mô tả Bản đồ
San phẳng,,,,,Viết học thuật: Mô tả Bản đồ
Phía Bắc,,,,,Viết học thuật: Mô tả Bản đồ
Thuộc phía Bắc,,,,,Viết học thuật: Mô tả Bản đồ
Phía Nam,,,,,Viết học thuật: Mô tả Bản đồ
Thuộc phía Nam,,,,,Viết học thuật: Mô tả Bản đồ
Phía Đông,,,,,Viết học thuật: Mô tả Bản đồ
Thuộc phía Đông,,,,,Viết học thuật: Mô tả Bản đồ
Phía Tây,,,,,Viết học thuật: Mô tả Bản đồ
Thuộc phía Tây,,,,,Viết học thuật: Mô tả Bản đồ
Phía Đông Bắc,,,,,Viết học thuật: Mô tả Bản đồ
Thuộc Đông Bắc,,,,,Viết học thuật: Mô tả Bản đồ
Phía Đông Nam,,,,,Viết học thuật: Mô tả Bản đồ
Thuộc Đông Nam,,,,,Viết học thuật: Mô tả Bản đồ
Phía Tây Bắc,,,,,Viết học thuật: Mô tả Bản đồ
Thuộc Tây Bắc,,,,,Viết học thuật: Mô tả Bản đồ
Phía Tây Nam,,,,,Viết học thuật: Mô tả Bản đồ
Thuộc Tây Nam,,,,,Viết học thuật: Mô tả Bản đồ
Vuông góc với,,,,,Viết học thuật: Mô tả Bản đồ
Theo chiều kim đồng hồ,,,,,Viết học thuật: Mô tả Bản đồ
Dọc theo,,,,,Viết học thuật: Mô tả Bản đồ
Băng qua,,,,,Viết học thuật: Mô tả Bản đồ
Liền kề; sát cạnh,,,,,Viết học thuật: Mô tả Bản đồ
Mở rộng; kéo dài,,,,,Viết học thuật: Mô tả Bản đồ
Mở rộng,,,,,Viết học thuật: Mô tả Bản đồ
Bắc qua; trải dài,,,,,Viết học thuật: Mô tả Bản đồ
Loại bỏ,,,,,Viết học thuật: Mô tả Bản đồ
Chiều dài,,,,,Viết học thuật: Mô tả Bản đồ
Chiều rộng,,,,,Viết học thuật: Mô tả Bản đồ
Chiều sâu,,,,,Viết học thuật: Mô tả Bản đồ
Chiều cao,,,,,Viết học thuật: Mô tả Bản đồ
Dài,,,,,Viết học thuật: Mô tả Bản đồ
Rộng,,,,,Viết học thuật: Mô tả Bản đồ
Sâu,,,,,Viết học thuật: Mô tả Bản đồ
Cao,,,,,Viết học thuật: Mô tả Bản đồ
Thành phố,,,,,Viết học thuật: Mô tả Bản đồ
Thị trấn,,,,,Viết học thuật: Mô tả Bản đồ
Trung tâm thành phố,,,,,Viết học thuật: Mô tả Bản đồ
Ngoại ô,,,,,Viết học thuật: Mô tả Bản đồ
Vịnh,,,,,Viết học thuật: Mô tả Bản đồ
Quần đảo,,,,,Viết học thuật: Mô tả Bản đồ
Hẻm núi,,,,,Viết học thuật: Mô tả Bản đồ
Thung lũng,,,,,Viết học thuật: Mô tả Bản đồ
Đỉnh núi,,,,,Viết học thuật: Mô tả Bản đồ
Con đường,,,,,Viết học thuật: Mô tả Bản đồ
Cây cầu,,,,,Viết học thuật: Mô tả Bản đồ
Đường hầm,,,,,Viết học thuật: Mô tả Bản đồ
Đường sắt,,,,,Viết học thuật: Mô tả Bản đồ
Hơn nữa,,,,,Viết học thuật: Từ nối
Thêm vào đó,,,,,Viết học thuật: Từ nối
Thêm vào,,,,,Viết học thuật: Từ nối
/ˌnɒt ˈəʊnli bʌt ˈɔːlsəʊ/,,,,,Viết học thuật: Từ nối
Cũng,,,,,Viết học thuật: Từ nối
Hơn nữa,,,,,Viết học thuật: Từ nối
Và,,,,,Viết học thuật: Từ nối
Cũng như,,,,,Viết học thuật: Từ nối
Đầu tiên,,,,,Viết học thuật: Từ nối
Thứ hai,,,,,Viết học thuật: Từ nối
Thứ ba,,,,,Viết học thuật: Từ nối
Ví dụ như,,,,,Viết học thuật: Từ nối
Ví dụ,,,,,Viết học thuật: Từ nối
Cụ thể,,,,,Viết học thuật: Từ nối
Kết quả là,,,,,Viết học thuật: Từ nối
Do đó,,,,,Viết học thuật: Từ nối
Như vậy,,,,,Viết học thuật: Từ nối
Do đó,,,,,Viết học thuật: Từ nối
Do,,,,,Viết học thuật: Từ nối
Bởi vì,,,,,Viết học thuật: Từ nối
Tuy nhiên,,,,,Viết học thuật: Từ nối
Tuy nhiên,,,,,Viết học thuật: Từ nối
Mặt khác,,,,,Viết học thuật: Từ nối
Tóm lại,,,,,Viết học thuật: Từ nối
Kết luận,,,,,Viết học thuật: Từ nối
Màu sắc,,,,,Từ vựng cơ bản: Màu sắc
Đỏ,,,,,Từ vựng cơ bản: Màu sắc
Xanh nước biển,,,,,Từ vựng cơ bản: Màu sắc
Xanh lá cây,,,,,Từ vựng cơ bản: Màu sắc
Vàng,,,,,Từ vựng cơ bản: Màu sắc
Cam,,,,,Từ vựng cơ bản: Màu sắc
Hồng,,,,,Từ vựng cơ bản: Màu sắc
Tím,,,,,Từ vựng cơ bản: Màu sắc
Nâu,,,,,Từ vựng cơ bản: Màu sắc
Đen,,,,,Từ vựng cơ bản: Màu sắc
Trắng,,,,,Từ vựng cơ bản: Màu sắc
thành viên gia đình,,,,,Từ vựng cơ bản: Gia đình
họ hàng thân thiết,,,,,Từ vựng cơ bản: Gia đình
gia đình ruột thịt,,,,,Từ vựng cơ bản: Gia đình
gia đình nhiều thế hệ/họ hàng xa,,,,,Từ vựng cơ bản: Gia đình
bố mẹ,,,,,Từ vựng cơ bản: Gia đình
mẹ,,,,,Từ vựng cơ bản: Gia đình
bố,,,,,Từ vựng cơ bản: Gia đình
anh chị em ruột,,,,,Từ vựng cơ bản: Gia đình
"anh trai, em trai",,,,,Từ vựng cơ bản: Gia đình
"chị gái, em gái",,,,,Từ vựng cơ bản: Gia đình
đứa trẻ,,,,,Từ vựng cơ bản: Gia đình
con trai,,,,,Từ vựng cơ bản: Gia đình
con gái,,,,,Từ vựng cơ bản: Gia đình
ông bà,,,,,Từ vựng cơ bản: Gia đình
"vợ, chồng",,,,,Từ vựng cơ bản: Gia đình
rượu,,,,,Từ vựng cơ bản: Đồ ăn
khoai tây nướng,,,,,Từ vựng cơ bản: Đồ ăn
thịt ba chỉ xông khói,,,,,Từ vựng cơ bản: Đồ ăn
bánh mì,,,,,Từ vựng cơ bản: Đồ ăn
bia,,,,,Từ vựng cơ bản: Đồ ăn
đậu,,,,,Từ vựng cơ bản: Đồ ăn
bánh quy,,,,,Từ vựng cơ bản: Đồ ăn
bánh sừng bò,,,,,Từ vựng cơ bản: Đồ ăn
"pho mát, phô mai",,,,,Từ vựng cơ bản: Đồ ăn
gà viên chiên,,,,,Từ vựng cơ bản: Đồ ăn
ức gà,,,,,Từ vựng cơ bản: Đồ ăn
cua,,,,,Từ vựng cơ bản: Đồ ăn
Coca-cola,,,,,Từ vựng cơ bản: Đồ ăn
tương ớt,,,,,Từ vựng cơ bản: Đồ ăn
bánh kếp,,,,,Từ vựng cơ bản: Đồ ăn
nước ép trái cây,,,,,Từ vựng cơ bản: Đồ ăn
gà rán,,,,,Từ vựng cơ bản: Đồ ăn
xúc xích,,,,,Từ vựng cơ bản: Đồ ăn
sữa,,,,,Từ vựng cơ bản: Đồ ăn
"mì sợi (bún, bánh phở, ...)",,,,,Từ vựng cơ bản: Đồ ăn
Nền kinh tế,,,,,Từ vựng nâng cao: Kinh tế
Lạm phát,,,,,Từ vựng nâng cao: Kinh tế
Thất nghiệp,,,,,Từ vựng nâng cao: Kinh tế
Thị trường,,,,,Từ vựng nâng cao: Kinh tế
Đầu tư,,,,,Từ vựng nâng cao: Kinh tế
Doanh thu,,,,,Từ vựng nâng cao: Kinh tế
Thâm hụt,,,,,Từ vựng nâng cao: Kinh tế
Xuất khẩu,,,,,Từ vựng nâng cao: Kinh tế
Tổng sản phẩm quốc nội,,,,,Từ vựng nâng cao: Kinh tế
Tiền tệ,,,,,Từ vựng nâng cao: Kinh tế
Đầu tư,,,,,Từ vựng nâng cao: Kinh tế
"Tiết kiệm, kinh tế hóa",,,,,Từ vựng nâng cao: Kinh tế
Đàm phán,,,,,Từ vựng nâng cao: Kinh tế
"Thương mại, buôn bán",,,,,Từ vựng nâng cao: Kinh tế
Mở rộng,,,,,Từ vựng nâng cao: Kinh tế
Thuộc về kinh tế,,,,,Từ vựng nâng cao: Kinh tế
Thuộc về tài chính,,,,,Từ vựng nâng cao: Kinh tế
Có lợi nhuận,,,,,Từ vựng nâng cao: Kinh tế
Có tính cạnh tranh,,,,,Từ vựng nâng cao: Kinh tế
Tăng trưởng kinh tế,,,,,Từ vựng nâng cao: Kinh tế
Cung và cầu,,,,,Từ vựng nâng cao: Kinh tế
Thị trường tự do,,,,,Từ vựng nâng cao: Kinh tế
Chi phí sinh hoạt,,,,,Từ vựng nâng cao: Kinh tế
Mức sống,,,,,Từ vựng nâng cao: Kinh tế
Nhân khẩu học; liên quan đến cấu trúc dân số (population characteristics),,,,,Từ vựng nâng cao: Xã hội
"Bất bình đẳng; tình trạng không bình đẳng hoặc công bằng (disparity, imbalance)",,,,,Từ vựng nâng cao: Xã hội
"Sự gắn kết; trạng thái kết nối hoặc thống nhất (unity, solidarity)",,,,,Từ vựng nâng cao: Xã hội
"Sự thiệt thòi; quá trình đẩy một nhóm người ra ngoài lề xã hội (exclusion, alienation)",,,,,Từ vựng nâng cao: Xã hội
"Cơ sở hạ tầng; các hệ thống cơ bản và dịch vụ cần thiết cho hoạt động của một xã hội hoặc tổ chức (facilities, groundwork)",,,,,Từ vựng nâng cao: Xã hội
Sự đô thị hóa; quá trình chuyển từ nông thôn sang đô thị (city growth),,,,,Từ vựng nâng cao: Xã hội
"Đa văn hóa; bao gồm nhiều nền văn hóa khác nhau (diverse, cosmopolitan)",,,,,Từ vựng nâng cao: Xã hội
Sự di chuyển xã hội; khả năng chuyển đổi vị trí xã hội từ tầng lớp này sang tầng lớp khác (upward mobility),,,,,Từ vựng nâng cao: Xã hội
"Sự xa lánh; cảm giác bị tách biệt hoặc không thuộc về một nhóm hoặc xã hội (isolation, estrangement)",,,,,Từ vựng nâng cao: Xã hội
"Sự đồng hóa; quá trình mà một người hoặc nhóm người hấp thụ văn hóa và thói quen của một nhóm khác (integration, absorption)",,,,,Từ vựng nâng cao: Xã hội
Đại dịch; sự bùng phát của một bệnh truyền nhiễm trên phạm vi toàn cầu. (synonym: global epidemic),,,,,Từ vựng nâng cao: Sức khỏe
"Sự tiêm chủng; quá trình bảo vệ cơ thể chống lại bệnh tật thông qua việc tiêm vaccine. (synonyms: vaccination, inoculation)",,,,,Từ vựng nâng cao: Sức khỏe
Béo phì; tình trạng cơ thể có quá nhiều mỡ. (synonym: overweight (as an adjective)),,,,,Từ vựng nâng cao: Sức khỏe
"Ít vận động; thường ngồi hoặc ít hoạt động thể chất. (synonyms: inactive, stationary)",,,,,Từ vựng nâng cao: Sức khỏe
"Dinh dưỡng; quá trình cung cấp hoặc nhận các chất cần thiết cho sức khỏe. (synonyms: nourishment, sustenance)",,,,,Từ vựng nâng cao: Sức khỏe
"Mãn tính; kéo dài hoặc tái diễn trong thời gian dài. (synonyms: persistent, long-term)",,,,,Từ vựng nâng cao: Sức khỏe
"Phòng ngừa; được thiết kế để ngăn chặn bệnh tật trước khi nó xảy ra. (synonyms: prophylactic, precautionary)",,,,,Từ vựng nâng cao: Sức khỏe
"Sự chẩn đoán; việc xác định bản chất của bệnh hoặc tình trạng thông qua kiểm tra và phân tích. (synonyms: identification, discernment)",,,,,Từ vựng nâng cao: Sức khỏe
"Dịch bệnh; sự bùng phát của một bệnh trong một cộng đồng tại một thời điểm cụ thể. (synonyms: outbreak, surge)",,,,,Từ vựng nâng cao: Sức khỏe
"Vệ sinh; các biện pháp và nguyên tắc duy trì sức khỏe và phòng ngừa bệnh tật. (synonyms: cleanliness, sanitation)",,,,,Từ vựng nâng cao: Sức khỏe
"The subjects and content taught in a course or school (syllabus, educational program).",,,,,Từ vựng nâng cao: Giáo dục
"The science or art of teaching and education (teaching method, instructional technique).",,,,,Từ vựng nâng cao: Giáo dục
"The ability to read and write; a level of knowledge in a particular field (reading and writing skills, competence).",,,,,Từ vựng nâng cao: Giáo dục
"Relating to training for a job or the skills needed for a particular profession (occupational, professional).",,,,,Từ vựng nâng cao: Giáo dục
"Financial aid for study; intensive academic study (grant, academic study).",,,,,Từ vựng nâng cao: Giáo dục
"Considering the whole rather than the parts; comprehensive (comprehensive, integrated).",,,,,Từ vựng nâng cao: Giáo dục
"Required by law or rule; obligatory (mandatory, obligatory).",,,,,Từ vựng nâng cao: Giáo dục
"A branch of knowledge; self-control or adherence to rules (field, subject, control).",,,,,Từ vựng nâng cao: Giáo dục
"Official certification of quality or standards (certification, endorsement).",,,,,Từ vựng nâng cao: Giáo dục
"The act of copying someone else's work or ideas without attribution (copying, infringement).",,,,,Từ vựng nâng cao: Giáo dục
"Sự đổi mới; sự giới thiệu những thứ mới hoặc phương pháp mới. (invention, novelty)",,,,,Từ vựng nâng cao: Công nghệ
"Sự tự động hóa; sử dụng máy móc để thay thế con người trong các quy trình. (mechanization, robotization)",,,,,Từ vựng nâng cao: Công nghệ
"Bảo mật mạng; biện pháp bảo vệ hệ thống mạng khỏi các mối đe dọa kỹ thuật số. (information security, data protection)",,,,,Từ vựng nâng cao: Công nghệ
Trí tuệ nhân tạo; khả năng của máy tính hoặc robot thực hiện các nhiệm vụ thường đòi hỏi trí tuệ con người. (machine intelligence),,,,,Từ vựng nâng cao: Công nghệ
Sự chênh lệch trong việc tiếp cận công nghệ thông tin và truyền thông giữa các nhóm người khác nhau. (technology gap),,,,,Từ vựng nâng cao: Công nghệ
"Sự gián đoạn; sự thay đổi cơ bản trong cách thức hoạt động của một ngành do công nghệ mới xuất hiện. (disturbance, interruption)",,,,,Từ vựng nâng cao: Công nghệ
"Phổ biến khắp nơi; có mặt ở khắp mọi nơi. (omnipresent, pervasive)",,,,,Từ vựng nâng cao: Công nghệ
Công nghệ tạo ra môi trường mô phỏng bằng máy tính mà người dùng có thể tương tác. (simulated environment),,,,,Từ vựng nâng cao: Công nghệ
Tập hợp dữ liệu lớn và phức tạp mà các công cụ xử lý dữ liệu truyền thống không thể xử lý. (large-scale data),,,,,Từ vựng nâng cao: Công nghệ
"Công nghệ sinh học; sử dụng các hệ thống sống và sinh vật để phát triển hoặc tạo ra sản phẩm. (bioengineering, genetic engineering)",,,,,Từ vựng nâng cao: Công nghệ
Nghiên cứu,,,,,Từ vựng nâng cao: Khoa học
Thí nghiệm,,,,,Từ vựng nâng cao: Khoa học
Lý thuyết,,,,,Từ vựng nâng cao: Khoa học
Khám phá,,,,,Từ vựng nâng cao: Khoa học
Khám phá,,,,,Từ vựng nâng cao: Khoa học
Hiện tượng,,,,,Từ vựng nâng cao: Khoa học
Phòng thí nghiệm,,,,,Từ vựng nâng cao: Khoa học
Nhà khoa học,,,,,Từ vựng nâng cao: Khoa học
Di truyền học,,,,,Từ vựng nâng cao: Khoa học
Thiên văn học,,,,,Từ vựng nâng cao: Khoa học
Phát minh,,,,,Từ vựng nâng cao: Khoa học
Quan sát,,,,,Từ vựng nâng cao: Khoa học
Phân tích,,,,,Từ vựng nâng cao: Khoa học
Thuộc về khoa học,,,,,Từ vựng nâng cao: Khoa học
Thực nghiệm,,,,,Từ vựng nâng cao: Khoa học
"Sáng tạo, đổi mới",,,,,Từ vựng nâng cao: Khoa học
Thuộc về lý thuyết,,,,,Từ vựng nâng cao: Khoa học
"Dựa trên kinh nghiệm, thực nghiệm",,,,,Từ vựng nâng cao: Khoa học
Phương pháp khoa học,,,,,Từ vựng nâng cao: Khoa học
Tạo ra đột phá,,,,,Từ vựng nâng cao: Khoa học
Tiến hành thí nghiệm,,,,,Từ vựng nâng cao: Khoa học
Chứng minh lý thuyết,,,,,Từ vựng nâng cao: Khoa học
Công bố phát hiện,,,,,Từ vựng nâng cao: Khoa học
vận động viên,,,,,Từ vựng nâng cao: Thể thao
cuộc thi đấu,,,,,Từ vựng nâng cao: Thể thao
đội,,,,,Từ vựng nâng cao: Thể thao
huấn luyện viên,,,,,Từ vựng nâng cao: Thể thao
trọng tài,,,,,Từ vựng nâng cao: Thể thao
sân vận động,,,,,Từ vựng nâng cao: Thể thao
sự huấn luyện,,,,,Từ vựng nâng cao: Thể thao
nhà vô địch,,,,,Từ vựng nâng cao: Thể thao
trận đấu,,,,,Từ vựng nâng cao: Thể thao
chiến thắng,,,,,Từ vựng nâng cao: Thể thao
thi đấu,,,,,Từ vựng nâng cao: Thể thao
"huấn luyện, tập luyện",,,,,Từ vựng nâng cao: Thể thao
chiến thắng,,,,,Từ vựng nâng cao: Thể thao
thua,,,,,Từ vựng nâng cao: Thể thao
ghi bàn,,,,,Từ vựng nâng cao: Thể thao
"khỏe mạnh, năng động",,,,,Từ vựng nâng cao: Thể thao
chuyên nghiệp,,,,,Từ vựng nâng cao: Thể thao
quyết tâm,,,,,Từ vựng nâng cao: Thể thao
chiến thắng,,,,,Từ vựng nâng cao: Thể thao
tham gia cuộc thi đấu,,,,,Từ vựng nâng cao: Thể thao
thiết lập kỷ lục,,,,,Từ vựng nâng cao: Thể thao
phá kỷ lục,,,,,Từ vựng nâng cao: Thể thao
"giữ dáng, giữ sức khỏe",,,,,Từ vựng nâng cao: Thể thao
tinh thần đồng đội,,,,,Từ vựng nâng cao: Thể thao
chất lượng không khí (độ sạch của không khí),,,,,Chủ đề: Môi trường
tiệt chủng,,,,,Chủ đề: Môi trường
nguy cơ tuyệt chủng,,,,,Chủ đề: Môi trường
biến đổi khí hậu,,,,,Chủ đề: Môi trường
xem “to become extinct”,,,,,Chủ đề: Môi trường
những loài động vật có nguy cơ tuyệt chủng,,,,,Chủ đề: Môi trường
bảo toàn năng lượng để đảm bảo nguồn năng lượng duy trì lâu nhất có thể,,,,,Chủ đề: Môi trường
thân thiện với môi trường,,,,,Chủ đề: Môi trường
khí thải (từ xe cộ),,,,,Chủ đề: Môi trường
những cơn lũ diễn biến nhanh,,,,,Chủ đề: Môi trường
nhiên liệu hóa thạch,,,,,Chủ đề: Môi trường
thế hệ tương lai,,,,,Chủ đề: Môi trường
sống gần với thiên nhiên,,,,,Chủ đề: Môi trường
(hiện tượng) ấm lên toàn cầu,,,,,Chủ đề: Môi trường
công nghiệp nặng,,,,,Chủ đề: Môi trường
hỗ trợ nhân đạo,,,,,Chủ đề: Môi trường
ảnh hưởng tới..,,,,,Chủ đề: Môi trường
mất môi trường sống,,,,,Chủ đề: Môi trường
thảm họa do con người gây ra,,,,,Chủ đề: Môi trường
"thiên tai (động đất, lũ lụt..)",,,,,Chủ đề: Môi trường
môi trường tự nhiên,,,,,Chủ đề: Môi trường
thế giới tự nhiên,,,,,Chủ đề: Môi trường
tràn dầu (trên biển/ đại dương),,,,,Chủ đề: Môi trường
"săn, bắt động vật hoang dã bất hợp pháp",,,,,Chủ đề: Môi trường
mức độ ô nhiễm,,,,,Chủ đề: Môi trường
"nhóm ảnh hưởng, hoạt động để nâng cao nhận thức và cố gắng tác động đến quan điểm và hoạt động của con người và các tổ chức.",,,,,Chủ đề: Môi trường
rác thải độc hại chưa qua xử lí từ quá trình sản xuất,,,,,Chủ đề: Môi trường
bảo tồn thiên nhiên (động thực vật và môi trường sống của chúng),,,,,Chủ đề: Môi trường
